"STATION","DATE","SOURCE","LATITUDE","LONGITUDE","ELEVATION","NAME","REPORT_TYPE","CALL_SIGN","QUALITY_CONTROL","WND","CIG","VIS","TMP","DEW","SLP","AA1","AY1","AY2","AZ1","AZ2","GA1","GA2","GA3","GE1","GF1","KA1","KA2","MD1","MW1","REM","EQD"
"42367099999","2024-01-01T03:00:00","4","26.4043","80.410119","123.44","KANPUR CHAKERI, IN","FM-12","99999","V020","999,9,C,0000,1","99999,9,9,N","001000,1,9,9","+0110,1","+0098,1","10212,1",,,,,,,,,,,"240,M,+0164,1","240,N,+0072,1","9,9,999,9,+005,1",,"SYN06842367 32994 00000 10110 20098 40212 333 10164 20072 58005 555 10000=",
"42367099999","2024-01-01T12:00:00","4","26.4043","80.410119","123.44","KANPUR CHAKERI, IN","FM-12","99999","V020","050,1,N,0010,1","22000,1,9,9","004000,1,9,9","+0160,1","+0120,1","10131,1","99,9999,9,9",,,"0,1,99,9","0,1,99,9","99,9,+00600,1,99,9",,,"9,AGL   ,+99999,+99999","04,99,1,99,9,99,9,00600,1,99,9,99,9",,,"9,9,999,9,-009,1",,"SYN004BUFR",
"42367099999","2024-01-02T03:00:00","4","26.4043","80.410119","123.44","KANPUR CHAKERI, IN","FM-12","99999","V020","999,9,C,0000,1","22000,1,9,9","002000,1,9,9","+0107,1","+0100,1","10198,1","99,9999,9,9",,,"0,1,99,9","0,1,99,9",,,,,"00,99,1,99,9,99,9,99999,9,99,9,99,9","120,M,+0170,1","120,N,+0078,1","9,9,999,9,-014,1",,"SYN004BUFR",
"42367099999","2024-01-02T12:00:00","4","26.4043","80.410119","123.44","KANPUR CHAKERI, IN","FM-12","99999","V020","320,1,N,0010,1","22000,1,9,9","004000,1,9,9","+0142,1","+0108,1","10131,1","99,9999,9,9",,,"0,1,99,9","0,1,99,9",,,,,"00,99,1,99,9,99,9,99999,9,99,9,99,9",,,"9,9,999,9,+000,1",,"SYN004BUFR",
"42367099999","2024-01-03T03:00:00","4","26.4043","80.410119","123.44","KANPUR CHAKERI, IN","FM-12","99999","V020","140,1,N,0010,1","22000,1,9,9","000500,1,9,9","+0116,1","+0104,1","10189,1",,,,,,,,,,"00,99,1,99,9,99,9,99999,9,99,9,99,9","120,M,+0144,1","120,N,+0096,1","9,9,999,9,-009,1",,"SYN004BUFR",
"42367099999","2024-01-03T12:00:00","4","26.4043","80.410119","123.44","KANPUR CHAKERI, IN","FM-12","99999","V020","320,1,N,0010,1","22000,1,9,9","004000,1,9,9","+0156,1","+0135,1","10119,1",,,,,,"99,9,+00600,1,99,9",,,"9,AGL   ,+99999,+99999","04,99,1,99,9,99,9,00600,1,99,9,99,9",,,"9,9,999,9,-011,1",,"SYN004BUFR",
"42367099999","2024-01-04T12:00:00","4","26.4043","80.410119","123.44","KANPUR CHAKERI, IN","FM-12","99999","V020","320,1,N,0010,1","22000,1,9,9","004000,1,9,9","+0157,1","+0137,1","10134,1","99,9999,9,9",,,"0,1,99,9","0,1,99,9","99,9,+00600,1,99,9",,,"9,AGL   ,+99999,+99999","04,99,1,99,9,99,9,00600,1,99,9,99,9",,,"9,9,999,9,+014,1",,"SYN004BUFR",
"42367099999","2024-01-05T03:00:00","4","26.4043","80.410119","123.44","KANPUR CHAKERI, IN","FM-12","99999","V020","140,1,N,0010,1","22000,1,9,9","002000,1,9,9","+0147,1","+0134,1","10187,1","99,9999,9,9","4,1,99,9","0,1,99,9",,,,,,,"00,99,1,99,9,99,9,99999,9,99,9,99,9","120,M,+0170,1","120,N,+0126,1","9,9,999,9,-003,1","12,1","SYN004BUFR",
"42367099999","2024-01-05T12:00:00","4","26.4043","80.410119","123.44","KANPUR CHAKERI, IN","FM-12","99999","V020","320,1,N,0010,1","22000,1,9,9","004000,1,9,9","+0152,1","+0138,1","10137,1",,,,,,"99,9,+00600,1,99,9",,,"9,AGL   ,+99999,+99999","04,99,1,99,9,99,9,00600,1,99,9,99,9",,,"9,9,999,9,+003,1",,"SYN004BUFR",
"42367099999","2024-01-06T03:00:00","4","26.4043","80.410119","123.44","KANPUR CHAKERI, IN","FM-12","99999","V020","320,1,N,0010,1","22000,1,9,9","001000,1,9,9","+0146,1","+0132,1","10197,1",,"4,1,99,9","2,1,99,9",,,"99,9,+04000,1,99,9",,,"9,AGL   ,+99999,+99999","02,99,1,99,9,99,9,04000,1,99,9,99,9","120,M,+0160,1","120,N,+0120,1","9,9,999,9,+010,1","40,1","SYN004BUFR",
"42367099999","2024-01-06T12:00:00","4","26.4043","80.410119","123.44","KANPUR CHAKERI, IN","FM-12","99999","V020","320,1,N,0010,1","22000,1,9,9","004000,1,9,9","+0177,1","+0132,1","10155,1","99,9999,9,9",,,"0,1,99,9","0,1,99,9","99,9,+04000,1,99,9",,,"9,AGL   ,+99999,+99999","02,99,1,99,9,99,9,04000,1,99,9,99,9",,,"9,9,999,9,+019,1",,"SYN004BUFR",
"42367099999","2024-01-08T03:00:00","4","26.4043","80.410119","123.44","KANPUR CHAKERI, IN","FM-12","99999","V020","999,9,C,0000,1","22000,1,9,9","000000,1,9,9","+0105,1","+0092,1","10216,1","99,9999,9,9",,,"0,1,99,9","0,1,99,9",,,,,"00,99,1,99,9,99,9,99999,9,99,9,99,9","120,M,+0188,1","120,N,+0070,1","9,9,999,9,+002,1",,"SYN004BUFR",
"42367099999","2024-01-08T12:00:00","4","26.4043","80.410119","123.44","KANPUR CHAKERI, IN","FM-12","99999","V020","050,1,N,0010,1","22000,1,9,9","004000,1,9,9","+0186,1","+0133,1","10141,1","99,9999,9,9",,,"0,1,99,9","0,1,99,9",,,,,"00,99,1,99,9,99,9,99999,9,99,9,99,9",,,"9,9,999,9,-015,1",,"SYN004BUFR",
"42367099999","2024-01-09T03:00:00","4","26.4043","80.410119","123.44","KANPUR CHAKERI, IN","FM-12","99999","V020","050,1,N,0010,1","99999,9,9,9","000500,1,9,9","+0107,1","+0096,1","10209,1",,,,,,"99,9,+00600,1,99,9",,,"9,AGL   ,+99999,+99999","06,99,1,99,9,99,9,00600,1,99,9,99,9","120,M,+0195,1","120,N,+0088,1","9,9,999,9,-007,1",,"SYN004BUFR",
"42367099999","2024-01-10T03:00:00","4","26.4043","80.410119","123.44","KANPUR CHAKERI, IN","FM-12","99999","V020","320,1,N,0021,1","22000,1,9,N","004000,1,9,9","+0122,1","+0111,1","10193,1",,,,,,"99,9,+00800,1,99,9",,,"9,AGL   ,+99999,+99999","04,99,1,99,9,99,9,00800,1,99,9,99,9","240,M,+0150,1","240,N,+0080,1","9,9,999,9,-014,1",,"SYN06842367 32596 43204 10122 20111 40193 333 10150 20080 59014 555 10011=",
"42367099999","2024-01-10T12:00:00","4","26.4043","80.410119","123.44","KANPUR CHAKERI, IN","FM-12","99999","V020","320,1,N,0010,1","22000,1,9,9","004000,1,9,9","+0162,1","+0106,1","10127,1","99,9999,9,9",,,"0,1,99,9","0,1,99,9",,,,,"00,99,1,99,9,99,9,99999,9,99,9,99,9",,,"9,9,999,9,-034,1",,"SYN004BUFR",
"42367099999","2024-01-11T03:00:00","4","26.4043","80.410119","123.44","KANPUR CHAKERI, IN","FM-12","99999","V020","320,1,N,0010,1","22000,1,9,9","000000,1,9,9","+0087,1","+0075,1","10204,1","99,9999,9,9",,,"0,1,99,9","0,1,99,9",,,,,"00,99,1,99,9,99,9,99999,9,99,9,99,9","120,M,+0174,1","120,N,+0050,1","9,9,999,9,+008,1",,"SYN004BUFR",
"42367099999","2024-01-11T12:00:00","4","26.4043","80.410119","123.44","KANPUR CHAKERI, IN","FM-12","99999","V020","320,1,N,0010,1","22000,1,9,9","004000,1,9,9","+0147,1","+0094,1","10149,1","99,9999,9,9",,,"0,1,99,9","0,1,99,9",,,,,"00,99,1,99,9,99,9,99999,9,99,9,99,9",,,"9,9,999,9,+022,1",,"SYN004BUFR",
"42367099999","2024-01-12T03:00:00","4","26.4043","80.410119","123.44","KANPUR CHAKERI, IN","FM-12","99999","V020","999,9,C,0000,1","22000,1,9,9","000000,1,9,9","+0057,1","+0049,1","10195,1","99,9999,9,9",,,"0,1,99,9","0,1,99,9",,,,,"00,99,1,99,9,99,9,99999,9,99,9,99,9","120,M,+0132,1","120,N,+0030,1","9,9,999,9,-011,1",,"SYN004BUFR",
"42367099999","2024-01-12T12:00:00","4","26.4043","80.410119","123.44","KANPUR CHAKERI, IN","FM-12","99999","V020","320,1,N,0010,1","22000,1,9,9","004000,1,9,9","+0145,1","+0102,1","10158,1","99,9999,9,9",,,"0,1,99,9","0,1,99,9",,,,,"00,99,1,99,9,99,9,99999,9,99,9,99,9",,,"9,9,999,9,+009,1",,"SYN004BUFR",
"42367099999","2024-01-13T03:00:00","4","26.4043","80.410119","123.44","KANPUR CHAKERI, IN","FM-12","99999","V020","999,9,C,0000,1","00000,1,9,9","000000,1,9,9","+0072,1","+0063,1","10190,1","99,9999,9,9","4,1,99,9","4,1,99,9",,,"09,1,+00000,1,10,1","99,9,+99999,9,10,1","99,9,+99999,9,10,1","9,AGL   ,+99999,+99999","99,99,9,09,1,99,9,00000,1,99,9,99,9","120,M,+0174,1","120,N,+0030,1","9,9,999,9,-004,1","47,1","SYN004BUFR",
"42367099999","2024-01-13T12:00:00","4","26.4043","80.410119","123.44","KANPUR CHAKERI, IN","FM-12","99999","V020","320,1,N,0010,1","22000,1,9,9","004000,1,9,9","+0175,1","+0111,1","10130,1","99,9999,9,9",,,"0,1,99,9","0,1,99,9",,,,,"00,99,1,99,9,99,9,99999,9,99,9,99,9",,,"9,9,999,9,-027,1",,"SYN004BUFR",
"42367099999","2024-01-14T03:00:00","4","26.4043","80.410119","123.44","KANPUR CHAKERI, IN","FM-12","99999","V020","999,9,C,0000,1","22000,1,9,9","000000,1,9,9","+0076,1","+0063,1","10185,1","99,9999,9,9","4,1,99,9","4,1,99,9",,,,,,,"00,99,1,99,9,99,9,99999,9,99,9,99,9","120,M,+0184,1","120,N,+0066,1","9,9,999,9,-004,1","47,1","SYN004BUFR",
"42367099999","2024-01-14T12:00:00","4","26.4043","80.410119","123.44","KANPUR CHAKERI, IN","FM-12","99999","V020","320,1,N,0010,1","22000,1,9,9","004000,1,9,9","+0135,1","+0111,1","10119,1","99,9999,9,9",,,"0,1,99,9","0,1,99,9",,,,,"00,99,1,99,9,99,9,99999,9,99,9,99,9",,,"9,9,999,9,-012,1",,"SYN004BUFR",
"42367099999","2024-01-15T03:00:00","4","26.4043","80.410119","123.44","KANPUR CHAKERI, IN","FM-12","99999","V020","999,9,C,0000,1","99999,9,9,N","000050,1,9,9","+0084,1","+0071,1","10184,1",,"4,1,02,1","4,1,02,1",,,,,,,,"240,M,+0140,1","240,N,+0066,1","9,9,999,9,-001,1","47,1","SYN06442367 31/91 00000 10084 20071 40184 74744 333 10140 20066 59001=",
"42367099999","2024-01-15T12:00:00","4","26.4043","80.410119","123.44","KANPUR CHAKERI, IN","FM-12","99999","V020","320,1,N,0010,1","22000,1,9,9","004000,1,9,9","+0100,1","+0084,1","10146,1","99,9999,9,9",,,"0,1,99,9","0,1,99,9",,,,,"00,99,1,99,9,99,9,99999,9,99,9,99,9",,,"9,9,999,9,+024,1",,"SYN004BUFR",
"42367099999","2024-01-16T03:00:00","4","26.4043","80.410119","123.44","KANPUR CHAKERI, IN","FM-12","99999","V020","999,9,C,0000,1","99999,9,9,N","004000,1,9,9","+0078,1","+0069,1","10173,1",,,,,,,,,,,"240,M,+0102,1","240,N,+0060,1","9,9,999,9,-011,1",,"SYN06842367 32996 00000 10078 20069 40173 333 10102 20060 59011 555 10011=",
"42367099999","2024-01-16T12:00:00","4","26.4043","80.410119","123.44","KANPUR CHAKERI, IN","FM-12","99999","V020","050,1,N,0010,1","22000,1,9,9","004000,1,9,9","+0122,1","+0086,1","10104,1","99,9999,9,9",,,"0,1,99,9","0,1,99,9",,,,,"00,99,1,99,9,99,9,99999,9,99,9,99,9",,,"9,9,999,9,-040,1",,"SYN004BUFR",
"42367099999","2024-01-17T03:00:00","4","26.4043","80.410119","123.44","KANPUR CHAKERI, IN","FM-12","99999","V020","140,1,N,0010,1","22000,1,9,9","004000,1,9,9","+0086,1","+0069,1","10176,1","99,9999,9,9",,,"0,1,99,9","0,1,99,9","99,9,+04000,1,99,9",,,"9,AGL   ,+99999,+99999","04,99,1,99,9,99,9,04000,1,99,9,99,9","120,M,+0144,1","120,N,+0050,1","9,9,999,9,+003,1",,"SYN004BUFR",
"42367099999","2024-01-17T12:00:00","4","26.4043","80.410119","123.44","KANPUR CHAKERI, IN","FM-12","99999","V020","320,1,N,0010,1","22000,1,9,9","004000,1,9,9","+0117,1","+0090,1","10116,1","99,9999,9,9",,,"0,1,99,9","0,1,99,9","99,9,+04000,1,99,9",,,"9,AGL   ,+99999,+99999","02,99,1,99,9,99,9,04000,1,99,9,99,9",,,"9,9,999,9,+012,1",,"SYN004BUFR",
"42367099999","2024-01-18T03:00:00","4","26.4043","80.410119","123.44","KANPUR CHAKERI, IN","FM-12","99999","V020","140,1,N,0010,1","22000,1,9,9","004000,1,9,9","+0096,1","+0071,1","10184,1","99,9999,9,9",,,"0,1,99,9","0,1,99,9","99,9,+04000,1,99,9",,,"9,AGL   ,+99999,+99999","04,99,1,99,9,99,9,04000,1,99,9,99,9","120,M,+0134,1","120,N,+0034,1","9,9,999,9,+009,1",,"SYN004BUFR",
"42367099999","2024-01-18T12:00:00","4","26.4043","80.410119","123.44","KANPUR CHAKERI, IN","FM-12","99999","V020","050,1,N,0010,1","22000,1,9,9","004000,1,9,9","+0127,1","+0075,1","10115,1","99,9999,9,9",,,"0,1,99,9","0,1,99,9",,,,,"00,99,1,99,9,99,9,99999,9,99,9,99,9",,,"9,9,999,9,-001,1",,"SYN004BUFR",
"42367099999","2024-01-19T03:00:00","4","26.4043","80.410119","123.44","KANPUR CHAKERI, IN","FM-12","99999","V020","999,9,C,0000,1","99999,9,9,N","004000,1,9,9","+0084,1","+0071,1","10197,1",,,,,,,,,"9,AGL   ,+99999,+99999","06,99,1,99,9,99,9,99999,9,99,9,99,9","240,M,+0146,1","240,N,+0024,1","9,9,999,9,+012,1",,"SYN06842367 32996 60000 10084 20071 40197 333 10146 20024 58012 555 10011=",
"42367099999","2024-01-19T12:00:00","4","26.4043","80.410119","123.44","KANPUR CHAKERI, IN","FM-12","99999","V020","050,1,N,0010,1","22000,1,9,9","004000,1,9,9","+0115,1","+0081,1","10137,1","99,9999,9,9",,,"0,1,99,9","0,1,99,9",,,,,"00,99,1,99,9,99,9,99999,9,99,9,99,9",,,"9,9,999,9,+021,1",,"SYN004BUFR",
"42367099999","2024-01-20T03:00:00","4","26.4043","80.410119","123.44","KANPUR CHAKERI, IN","FM-12","99999","V020","320,1,N,0010,1","22000,1,9,N","004000,1,9,9","+0102,1","+0086,1","10201,1",,,,,,,,,"9,AGL   ,+99999,+99999","04,99,1,99,9,99,9,99999,9,99,9,99,9","240,M,+0118,1","240,N,+0070,1","9,9,999,9,+005,1",,"SYN06842367 32996 43202 10102 20086 40201 333 10118 20070 58005 555 10011=",
"42367099999","2024-01-20T12:00:00","4","26.4043","80.410119","123.44","KANPUR CHAKERI, IN","FM-12","99999","V020","999,9,C,0000,1","22000,1,9,9","004000,1,9,9","+0106,1","+0093,1","10182,1","99,9999,9,9",,,"0,1,99,9","0,1,99,9",,,,,"00,99,1,99,9,99,9,99999,9,99,9,99,9",,,"9,9,999,9,+044,1",,"SYN004BUFR",
"42367099999","2024-01-21T03:00:00","4","26.4043","80.410119","123.44","KANPUR CHAKERI, IN","FM-12","99999","V020","320,1,N,0010,1","22000,1,9,9","001000,1,9,9","+0086,1","+0073,1","10194,1","99,9999,9,9",,,"0,1,99,9","0,1,99,9",,,,,"00,99,1,99,9,99,9,99999,9,99,9,99,9","120,M,+0110,1","120,N,+0068,1","9,9,999,9,-008,1",,"SYN004BUFR",
"42367099999","2024-01-21T12:00:00","4","26.4043","80.410119","123.44","KANPUR CHAKERI, IN","FM-12","99999","V020","270,1,N,0010,1","22000,1,9,9","000500,1,9,9","+0116,1","+0096,1","10186,1","99,9999,9,9",,,,,,,,,"00,99,1,99,9,99,9,99999,9,99,9,99,9",,,"9,9,999,9,+004,1",,"SYN004BUFR",
"42367099999","2024-01-22T12:00:00","4","26.4043","80.410119","123.44","KANPUR CHAKERI, IN","FM-12","99999","V020","050,1,N,0010,1","22000,1,9,9","004000,1,9,9","+0160,1","+0081,1","10145,1","99,9999,9,9",,,"0,1,99,9","0,1,99,9",,,,,"00,99,1,99,9,99,9,99999,9,99,9,99,9",,,"9,9,999,9,-038,1",,"SYN004BUFR",
"42367099999","2024-01-23T12:00:00","4","26.4043","80.410119","123.44","KANPUR CHAKERI, IN","FM-12","99999","V020","320,1,N,0010,1","22000,1,9,9","004000,1,9,9","+0146,1","+0104,1","10122,1","99,9999,9,9",,,"0,1,99,9","0,1,99,9",,,,,"00,99,1,99,9,99,9,99999,9,99,9,99,9",,,"9,9,999,9,-023,1",,"SYN004BUFR",
"42367099999","2024-01-24T03:00:00","4","26.4043","80.410119","123.44","KANPUR CHAKERI, IN","FM-12","99999","V020","320,1,N,0010,1","00000,1,9,9","000050,1,9,9","+0077,1","+0069,1","10201,1","99,9999,9,9","4,1,99,9","4,1,99,9",,,"09,1,+00000,1,10,1","99,9,+99999,9,10,1","99,9,+99999,9,10,1","9,AGL   ,+99999,+99999","99,99,9,09,1,99,9,00000,1,99,9,99,9","120,M,+0160,1","120,N,+0056,1",,"47,1","SYN004BUFR",
"42367099999","2024-01-24T12:00:00","4","26.4043","80.410119","123.44","KANPUR CHAKERI, IN","FM-12","99999","V020","320,1,N,0010,1","22000,1,9,9","004000,1,9,9","+0152,1","+0094,1","10154,1","99,9999,9,9",,,"0,1,99,9","0,1,99,9",,,,,"00,99,1,99,9,99,9,99999,9,99,9,99,9",,,"9,9,999,9,+030,1",,"SYN004BUFR",
"42367099999","2024-01-25T03:00:00","4","26.4043","80.410119","123.44","KANPUR CHAKERI, IN","FM-12","99999","V020","999,9,C,0000,1","00000,1,9,9","000050,1,9,9","+0070,1","+0057,1","10212,1","99,9999,9,9","4,1,99,9","4,1,99,9",,,"09,1,+00000,1,10,1","99,9,+99999,9,10,1","99,9,+99999,9,10,1","9,AGL   ,+99999,+99999","99,99,9,09,1,99,9,00000,1,99,9,99,9","120,M,+0160,1","120,N,+0030,1","9,9,999,9,+010,1","47,1","SYN004BUFR",
"42367099999","2024-01-25T12:00:00","4","26.4043","80.410119","123.44","KANPUR CHAKERI, IN","FM-12","99999","V020","320,1,N,0010,1","22000,1,9,9","004000,1,9,9","+0160,1","+0112,1","10171,1","99,9999,9,9",,,"0,1,99,9","0,1,99,9","99,9,+00600,1,99,9",,,"9,AGL   ,+99999,+99999","04,99,1,99,9,99,9,00600,1,99,9,99,9",,,"9,9,999,9,+019,1",,"SYN004BUFR",
"42367099999","2024-01-26T03:00:00","4","26.4043","80.410119","123.44","KANPUR CHAKERI, IN","FM-12","99999","V020","320,1,N,0010,1","00000,1,9,9","000000,1,9,9","+0095,1","+0088,1","10229,1","99,9999,9,9","4,1,99,9","4,1,99,9",,,"09,1,+00000,1,10,1","99,9,+99999,9,10,1","99,9,+99999,9,10,1","9,AGL   ,+99999,+99999","99,99,9,09,1,99,9,00000,1,99,9,99,9","120,M,+0170,1","120,N,+0070,1","9,9,999,9,+019,1","47,1","SYN004BUFR",
"42367099999","2024-01-26T12:00:00","4","26.4043","80.410119","123.44","KANPUR CHAKERI, IN","FM-12","99999","V020","050,1,N,0010,1","22000,1,9,9","004000,1,9,9","+0160,1","+0112,1","10170,1","99,9999,9,9",,,"0,1,99,9","0,1,99,9",,,,,"00,99,1,99,9,99,9,99999,9,99,9,99,9",,,"9,9,999,9,-001,1",,"SYN004BUFR",
"42367099999","2024-01-27T03:00:00","4","26.4043","80.410119","123.44","KANPUR CHAKERI, IN","FM-12","99999","V020","230,1,N,0010,1","00000,1,9,9","000000,1,9,9","+0090,1","+0082,1","10214,1","99,9999,9,9","4,1,99,9","4,1,99,9",,,"09,1,+00000,1,10,1","99,9,+99999,9,10,1","99,9,+99999,9,10,1","9,AGL   ,+99999,+99999","99,99,9,09,1,99,9,00000,1,99,9,99,9","120,M,+0176,1","120,N,+0040,1","9,9,999,9,-015,1","47,1","SYN004BUFR",
"42367099999","2024-01-27T12:00:00","4","26.4043","80.410119","123.44","KANPUR CHAKERI, IN","FM-12","99999","V020","320,1,N,0010,1","22000,1,9,9","004000,1,9,9","+0205,1","+0096,1","10148,1","99,9999,9,9",,,"0,1,99,9","0,1,99,9",,,,,"00,99,1,99,9,99,9,99999,9,99,9,99,9",,,"9,9,999,9,-019,1",,"SYN004BUFR",
"42367099999","2024-01-28T03:00:00","4","26.4043","80.410119","123.44","KANPUR CHAKERI, IN","FM-12","99999","V020","140,1,N,0010,1","00000,1,9,9","000000,1,9,9","+0097,1","+0090,1","10202,1","99,9999,9,9","4,1,99,9","4,1,99,9",,,"09,1,+00000,1,10,1","99,9,+99999,9,10,1","99,9,+99999,9,10,1","9,AGL   ,+99999,+99999","99,99,9,09,1,99,9,00000,1,99,9,99,9","120,M,+0206,1","120,N,+0058,1","9,9,999,9,-012,1","47,1","SYN004BUFR",
"42367099999","2024-01-28T12:00:00","4","26.4043","80.410119","123.44","KANPUR CHAKERI, IN","FM-12","99999","V020","050,1,N,0010,1","99999,9,9,9","004000,1,9,9","+0187,1","+0139,1","10157,1","99,9999,9,9",,,"0,1,99,9","0,1,99,9","99,9,+04000,1,99,9",,,"9,AGL   ,+99999,+99999","07,99,1,99,9,99,9,04000,1,99,9,99,9",,,"9,9,999,9,+008,1",,"SYN004BUFR",
"42367099999","2024-01-29T03:00:00","4","26.4043","80.410119","123.44","KANPUR CHAKERI, IN","FM-12","99999","V020","140,1,N,0010,1","00030,1,W,N","000049,1,9,9","+0106,1","+0098,1","10197,1",,"4,1,02,1","4,1,02,1",,,,,,,"09,99,1,99,9,99,9,99999,9,99,9,99,9","240,M,+0196,1","240,N,+0086,1","9,9,999,9,-004,1","47,1","SYN06442367 31/90 91402 10106 20098 40197 74744 333 10196 20086 59004=",
"42367099999","2024-01-29T12:00:00","4","26.4043","80.410119","123.44","KANPUR CHAKERI, IN","FM-12","99999","V020","320,1,N,0010,1","22000,1,9,9","004000,1,9,9","+0212,1","+0151,1","10146,1","99,9999,9,9",,,"0,1,99,9","0,1,99,9",,,,,"00,99,1,99,9,99,9,99999,9,99,9,99,9",,,"9,9,999,9,-010,1",,"SYN004BUFR",
"42367099999","2024-01-30T03:00:00","4","26.4043","80.410119","123.44","KANPUR CHAKERI, IN","FM-12","99999","V020","320,1,N,0010,1","22000,1,9,9","001000,1,9,9","+0092,1","+0080,1","10192,1","99,9999,9,9",,,"0,1,99,9","0,1,99,9",,,,,"00,99,1,99,9,99,9,99999,9,99,9,99,9","120,M,+0228,1","120,N,+0066,1","9,9,999,9,-006,1",,"SYN004BUFR",
"42367099999","2024-01-30T12:00:00","4","26.4043","80.410119","123.44","KANPUR CHAKERI, IN","FM-12","99999","V020","050,1,N,0010,1","22000,1,9,9","004000,1,9,9","+0202,1","+0151,1","10132,1","99,9999,9,9",,,"0,1,99,9","0,1,99,9",,,,,"00,99,1,99,9,99,9,99999,9,99,9,99,9",,,"9,9,999,9,-014,1",,"SYN004BUFR",
"42367099999","2024-01-31T03:00:00","4","26.4043","80.410119","123.44","KANPUR CHAKERI, IN","FM-12","99999","V020","999,9,C,0000,1","22000,1,9,9","001000,1,9,9","+0100,1","+0092,1","10178,1","99,9999,9,9",,,"0,1,99,9","0,1,99,9","99,9,+04000,1,99,9",,,"9,AGL   ,+99999,+99999","04,99,1,99,9,99,9,04000,1,99,9,99,9","120,M,+0220,1","120,N,+0080,1","9,9,999,9,-013,1",,"SYN004BUFR",
"42367099999","2024-01-31T12:00:00","4","26.4043","80.410119","123.44","KANPUR CHAKERI, IN","FM-12","99999","V020","320,1,N,0010,1","22000,1,9,9","004000,1,9,9","+0240,1","+0142,1","10111,1","99,9999,9,9",,,"0,1,99,9","0,1,99,9",,,,,"00,99,1,99,9,99,9,99999,9,99,9,99,9",,,"9,9,999,9,-019,1",,"SYN004BUFR",
"42367099999","2024-02-01T03:00:00","4","26.4043","80.410119","123.44","KANPUR CHAKERI, IN","FM-12","99999","V020","320,1,N,0010,1","22000,1,9,9","004000,1,9,9","+0140,1","+0129,1","10173,1","99,9999,9,9",,,"0,1,99,9","0,1,99,9","99,9,+04000,1,99,9",,,"9,AGL   ,+99999,+99999","04,99,1,99,9,99,9,04000,1,99,9,99,9","120,M,+0252,1","120,N,+0104,1","9,9,999,9,-003,1",,"SYN004BUFR",
"42367099999","2024-02-01T12:00:00","4","26.4043","80.410119","123.44","KANPUR CHAKERI, IN","FM-12","99999","V020","050,1,N,0021,1","22000,1,9,9","004000,1,9,9","+0222,1","+0155,1","10127,1","99,9999,9,9",,,"0,1,99,9","0,1,99,9",,,,,"00,99,1,99,9,99,9,99999,9,99,9,99,9",,,"9,9,999,9,+015,1",,"SYN004BUFR",
"42367099999","2024-02-02T03:00:00","4","26.4043","80.410119","123.44","KANPUR CHAKERI, IN","FM-12","99999","V020","230,1,N,0010,1","22000,1,9,9","004000,1,9,9","+0106,1","+0094,1","10188,1","99,9999,9,9",,,"0,1,99,9","0,1,99,9",,,,,"00,99,1,99,9,99,9,99999,9,99,9,99,9","120,M,+0228,1","120,N,+0080,1","9,9,999,9,+013,1",,"SYN004BUFR",
"42367099999","2024-02-02T12:00:00","4","26.4043","80.410119","123.44","KANPUR CHAKERI, IN","FM-12","99999","V020","320,1,N,0010,1","22000,1,9,9","004000,1,9,9","+0210,1","+0114,1","10118,1","99,9999,9,9",,,"0,1,99,9","0,1,99,9",,,,,"00,99,1,99,9,99,9,99999,9,99,9,99,9",,,"9,9,999,9,-010,1",,"SYN004BUFR",
"42367099999","2024-02-03T03:00:00","4","26.4043","80.410119","123.44","KANPUR CHAKERI, IN","FM-12","99999","V020","230,1,N,0010,1","22000,1,9,9","004000,1,9,9","+0120,1","+0092,1","10186,1","99,9999,9,9",,,"0,1,99,9","0,1,99,9",,,,,"00,99,1,99,9,99,9,99999,9,99,9,99,9","120,M,+0252,1","120,N,+0094,1","9,9,999,9,-002,1",,"SYN004BUFR",
"42367099999","2024-02-03T12:00:00","4","26.4043","80.410119","123.44","KANPUR CHAKERI, IN","FM-12","99999","V020","320,1,N,0021,1","22000,1,9,9","004000,1,9,9","+0230,1","+0067,1","10108,1","99,9999,9,9",,,"0,1,99,9","0,1,99,9",,,,,"00,99,1,99,9,99,9,99999,9,99,9,99,9",,,"9,9,999,9,-009,1",,"SYN004BUFR",
"42367099999","2024-02-04T03:00:00","4","26.4043","80.410119","123.44","KANPUR CHAKERI, IN","FM-12","99999","V020","999,9,C,0000,1","99999,9,9,9","004000,1,9,9","+0150,1","+0121,1","10181,1","99,9999,9,9",,,"0,1,99,9","0,1,99,9","99,9,+04000,1,99,9",,,"9,AGL   ,+99999,+99999","06,99,1,99,9,99,9,04000,1,99,9,99,9","120,M,+0248,1","120,N,+0120,1","9,9,999,9,-003,1",,"SYN004BUFR",
"42367099999","2024-02-04T12:00:00","4","26.4043","80.410119","123.44","KANPUR CHAKERI, IN","FM-12","99999","V020","140,1,N,0021,1","22000,1,9,9","004000,1,9,9","+0177,1","+0136,1","10122,1","99,9999,9,9",,,"0,1,99,9","0,1,99,9","99,9,+00600,1,99,9",,,"9,AGL   ,+99999,+99999","04,99,1,99,9,99,9,00600,1,99,9,99,9",,,"9,9,999,9,+011,1",,"SYN004BUFR",
"42367099999","2024-02-05T03:00:00","4","26.4043","80.410119","123.44","KANPUR CHAKERI, IN","FM-12","99999","V020","140,1,N,0010,1","99999,9,9,9","004000,1,9,9","+0160,1","+0150,1","10183,1",,,,,,"99,9,+00600,1,99,9",,,"9,AGL   ,+99999,+99999","08,99,1,99,9,99,9,00600,1,99,9,99,9","120,M,+0186,1","120,N,+0134,1","9,9,999,9,+002,1",,"SYN004BUFR",
"42367099999","2024-02-05T12:00:00","4","26.4043","80.410119","123.44","KANPUR CHAKERI, IN","FM-12","99999","V020","050,1,N,0010,1","99999,9,9,9","004000,1,9,9","+0177,1","+0165,1","10132,1","99,9999,9,9",,,"0,1,99,9","0,1,99,9","99,9,+00600,1,99,9",,,"9,AGL   ,+99999,+99999","06,99,1,99,9,99,9,00600,1,99,9,99,9",,,"9,9,999,9,+010,1",,"SYN004BUFR",
"42367099999","2024-02-06T03:00:00","4","26.4043","80.410119","123.44","KANPUR CHAKERI, IN","FM-12","99999","V020","320,1,N,0010,1","99999,9,9,9","001000,1,9,9","+0146,1","+0132,1","10193,1",,,,,,"99,9,+00600,1,99,9",,,"9,AGL   ,+99999,+99999","08,99,1,99,9,99,9,00600,1,99,9,99,9","120,M,+0192,1","120,N,+0112,1","9,9,999,9,+010,1",,"SYN004BUFR",
"42367099999","2024-02-06T12:00:00","4","26.4043","80.410119","123.44","KANPUR CHAKERI, IN","FM-12","99999","V020","230,1,N,0010,1","22000,1,9,9","004000,1,9,9","+0200,1","+0138,1","10133,1","99,9999,9,9",,,"0,1,99,9","0,1,99,9","99,9,+00600,1,99,9",,,"9,AGL   ,+99999,+99999","04,99,1,99,9,99,9,00600,1,99,9,99,9",,,"9,9,999,9,+003,1",,"SYN004BUFR",
"42367099999","2024-02-07T03:00:00","4","26.4043","80.410119","123.44","KANPUR CHAKERI, IN","FM-12","99999","V020","230,1,N,0010,1","22000,1,9,9","004000,1,9,9","+0116,1","+0075,1","10203,1","99,9999,9,9",,,"0,1,99,9","0,1,99,9","99,9,+04000,1,99,9",,,"9,AGL   ,+99999,+99999","02,99,1,99,9,99,9,04000,1,99,9,99,9","120,M,+0198,1","120,N,+0086,1","9,9,999,9,+008,1",,"SYN004BUFR",
"42367099999","2024-02-07T12:00:00","4","26.4043","80.410119","123.44","KANPUR CHAKERI, IN","FM-12","99999","V020","320,1,N,0010,1","22000,1,9,9","004000,1,9,9","+0196,1","+0080,1","10151,1","99,9999,9,9",,,"0,1,99,9","0,1,99,9","99,9,+04000,1,99,9",,,"9,AGL   ,+99999,+99999","02,99,1,99,9,99,9,04000,1,99,9,99,9",,,"9,9,999,9,+017,1",,"SYN004BUFR",
"42367099999","2024-02-08T03:00:00","4","26.4043","80.410119","123.44","KANPUR CHAKERI, IN","FM-12","99999","V020","230,1,N,0021,1","22000,1,9,9","004000,1,9,9","+0116,1","+0084,1","10206,1","99,9999,9,9",,,"0,1,99,9","0,1,99,9","99,9,+04000,1,99,9",,,"9,AGL   ,+99999,+99999","02,99,1,99,9,99,9,04000,1,99,9,99,9","120,M,+0218,1","120,N,+0094,1","9,9,999,9,+003,1",,"SYN004BUFR",
"42367099999","2024-02-08T12:00:00","4","26.4043","80.410119","123.44","KANPUR CHAKERI, IN","FM-12","99999","V020","230,1,N,0021,1","22000,1,9,9","004000,1,9,9","+0200,1","+0071,1","10122,1","99,9999,9,9",,,"0,1,99,9","0,1,99,9",,,,,"00,99,1,99,9,99,9,99999,9,99,9,99,9",,,"9,9,999,9,-028,1",,"SYN004BUFR",
"42367099999","2024-02-09T03:00:00","4","26.4043","80.410119","123.44","KANPUR CHAKERI, IN","FM-12","99999","V020","320,1,N,0010,1","22000,1,9,9","004000,1,9,9","+0100,1","+0071,1","10201,1","99,9999,9,9",,,"0,1,99,9","0,1,99,9",,,,,"00,99,1,99,9,99,9,99999,9,99,9,99,9","120,M,+0210,1","120,N,+0070,1","9,9,999,9,-006,1",,"SYN004BUFR",
"42367099999","2024-02-09T12:00:00","4","26.4043","80.410119","123.44","KANPUR CHAKERI, IN","FM-12","99999","V020","320,1,N,0010,1","22000,1,9,9","004000,1,9,9","+0210,1","+0099,1","10146,1","99,9999,9,9",,,"0,1,99,9","0,1,99,9",,,,,"00,99,1,99,9,99,9,99999,9,99,9,99,9",,,"9,9,999,9,+024,1",,"SYN004BUFR",
"42367099999","2024-02-10T03:00:00","4","26.4043","80.410119","123.44","KANPUR CHAKERI, IN","FM-12","99999","V020","999,9,C,0000,1","22000,1,9,9","004000,1,9,9","+0077,1","+0061,1","10223,1","99,9999,9,9",,,"0,1,99,9","0,1,99,9",,,,,"00,99,1,99,9,99,9,99999,9,99,9,99,9","120,M,+0232,1","120,N,+0048,1","9,9,999,9,+021,1",,"SYN004BUFR",
"42367099999","2024-02-10T12:00:00","4","26.4043","80.410119","123.44","KANPUR CHAKERI, IN","FM-12","99999","V020","999,9,C,0000,1","22000,1,9,9","004000,1,9,9","+0210,1","+0108,1","10150,1","99,9999,9,9",,,"0,1,99,9","0,1,99,9",,,,,"00,99,1,99,9,99,9,99999,9,99,9,99,9",,,"9,9,999,9,+004,1",,"SYN004BUFR",
"42367099999","2024-02-11T03:00:00","4","26.4043","80.410119","123.44","KANPUR CHAKERI, IN","FM-12","99999","V020","140,1,N,0010,1","22000,1,9,9","004000,1,9,9","+0077,1","+0061,1","10210,1","99,9999,9,9",,,"0,1,99,9","0,1,99,9",,,,,"00,99,1,99,9,99,9,99999,9,99,9,99,9","120,M,+0220,1","120,N,+0054,1","9,9,999,9,-013,1",,"SYN004BUFR",
"42367099999","2024-02-11T12:00:00","4","26.4043","80.410119","123.44","KANPUR CHAKERI, IN","FM-12","99999","V020","050,1,N,0010,1","22000,1,9,9","004000,1,9,9","+0222,1","+0117,1","10159,1","99,9999,9,9",,,"0,1,99,9","0,1,99,9",,,,,"00,99,1,99,9,99,9,99999,9,99,9,99,9",,,"9,9,999,9,+010,1",,"SYN004BUFR",
"42367099999","2024-02-12T03:00:00","4","26.4043","80.410119","123.44","KANPUR CHAKERI, IN","FM-12","99999","V020","999,9,C,0000,1","22000,1,9,9","004000,1,9,9","+0090,1","+0077,1","10211,1","99,9999,9,9",,,"0,1,99,9","0,1,99,9",,,,,"00,99,1,99,9,99,9,99999,9,99,9,99,9","120,M,+0236,1","120,N,+0070,1",,,"SYN004BUFR",
"42367099999","2024-02-12T12:00:00","4","26.4043","80.410119","123.44","KANPUR CHAKERI, IN","FM-12","99999","V020","050,1,N,0010,1","22000,1,9,9","004000,1,9,9","+0235,1","+0139,1","10171,1","99,9999,9,9",,,"0,1,99,9","0,1,99,9",,,,,"00,99,1,99,9,99,9,99999,9,99,9,99,9",,,"9,9,999,9,+011,1",,"SYN004BUFR",
"42367099999","2024-02-13T03:00:00","4","26.4043","80.410119","123.44","KANPUR CHAKERI, IN","FM-12","99999","V020","999,9,C,0000,1","22000,1,9,9","004000,1,9,9","+0147,1","+0130,1","10192,1","99,9999,9,9",,,"0,1,99,9","0,1,99,9","99,9,+00600,1,99,9",,,"9,AGL   ,+99999,+99999","04,99,1,99,9,99,9,00600,1,99,9,99,9","120,M,+0248,1","120,N,+0120,1","9,9,999,9,-016,1",,"SYN004BUFR",
"42367099999","2024-02-13T12:00:00","4","26.4043","80.410119","123.44","KANPUR CHAKERI, IN","FM-12","99999","V020","050,1,N,0010,1","22000,1,9,9","004000,1,9,9","+0235,1","+0151,1","10128,1","99,9999,9,9",,,"0,1,99,9","0,1,99,9",,,,,"00,99,1,99,9,99,9,99999,9,99,9,99,9",,,"9,9,999,9,-042,1",,"SYN004BUFR",
"42367099999","2024-02-14T03:00:00","4","26.4043","80.410119","123.44","KANPUR CHAKERI, IN","FM-12","99999","V020","050,1,N,0010,1","99999,9,9,9","004000,1,9,9","+0162,1","+0148,1","10182,1","99,9999,9,9",,,"0,1,99,9","0,1,99,9","99,9,+00600,1,99,9",,,"9,AGL   ,+99999,+99999","08,99,1,99,9,99,9,00600,1,99,9,99,9","120,M,+0246,1","120,N,+0140,1","9,9,999,9,-009,1",,"SYN004BUFR",
"42367099999","2024-02-14T12:00:00","4","26.4043","80.410119","123.44","KANPUR CHAKERI, IN","FM-12","99999","V020","050,1,N,0010,1","99999,9,9,9","004000,1,9,9","+0235,1","+0183,1","10144,1","99,9999,9,9",,,"0,1,99,9","0,1,99,9","99,9,+00600,1,99,9",,,"9,AGL   ,+99999,+99999","06,99,1,99,9,99,9,00600,1,99,9,99,9",,,"9,9,999,9,+016,1",,"SYN004BUFR",
"42367099999","2024-02-15T03:00:00","4","26.4043","80.410119","123.44","KANPUR CHAKERI, IN","FM-12","99999","V020","999,9,C,0000,1","22000,1,9,9","000500,1,9,9","+0136,1","+0121,1","10201,1","99,9999,9,9","0,1,99,9","0,1,99,9",,,"99,9,+04000,1,99,9",,,"9,AGL   ,+99999,+99999","02,99,1,99,9,99,9,04000,1,99,9,99,9","120,M,+0244,1","120,N,+0106,1","9,9,999,9,+017,1","12,1","SYN004BUFR",
"42367099999","2024-02-15T12:00:00","4","26.4043","80.410119","123.44","KANPUR CHAKERI, IN","FM-12","99999","V020","999,9,C,0000,1","22000,1,9,9","004000,1,9,9","+0245,1","+0181,1","10137,1","99,9999,9,9",,,"0,1,99,9","0,1,99,9",,,,,"00,99,1,99,9,99,9,99999,9,99,9,99,9",,,"9,9,999,9,-007,1",,"SYN004BUFR",
"42367099999","2024-02-16T03:00:00","4","26.4043","80.410119","123.44","KANPUR CHAKERI, IN","FM-12","99999","V020","999,9,C,0000,1","22000,1,9,9","002000,1,9,9","+0126,1","+0107,1","10211,1","99,9999,9,9",,,"0,1,99,9","0,1,99,9",,,,,"00,99,1,99,9,99,9,99999,9,99,9,99,9","120,M,+0270,1","120,N,+0100,1","9,9,999,9,+010,1",,"SYN004BUFR",
"42367099999","2024-02-16T12:00:00","4","26.4043","80.410119","123.44","KANPUR CHAKERI, IN","FM-12","99999","V020","320,1,N,0010,1","22000,1,9,9","004000,1,9,9","+0240,1","+0138,1","10133,1","99,9999,9,9",,,"0,1,99,9","0,1,99,9",,,,,"00,99,1,99,9,99,9,99999,9,99,9,99,9",,,"9,9,999,9,-004,1",,"SYN004BUFR",
"42367099999","2024-02-17T03:00:00","4","26.4043","80.410119","123.44","KANPUR CHAKERI, IN","FM-12","99999","V020","320,1,N,0010,1","22000,1,9,9","004000,1,9,9","+0126,1","+0107,1","10186,1","99,9999,9,9",,,"0,1,99,9","0,1,99,9","99,9,+04000,1,99,9",,,"9,AGL   ,+99999,+99999","02,99,1,99,9,99,9,04000,1,99,9,99,9","120,M,+0264,1","120,N,+0084,1","9,9,999,9,-025,1",,"SYN004BUFR",
"42367099999","2024-02-17T12:00:00","4","26.4043","80.410119","123.44","KANPUR CHAKERI, IN","FM-12","99999","V020","320,1,N,0010,1","22000,1,9,9","004000,1,9,9","+0255,1","+0078,1","10121,1","99,9999,9,9",,,"0,1,99,9","0,1,99,9",,,,,"00,99,1,99,9,99,9,99999,9,99,9,99,9",,,"9,9,999,9,-011,1",,"SYN004BUFR",
"42367099999","2024-02-18T03:00:00","4","26.4043","80.410119","123.44","KANPUR CHAKERI, IN","FM-12","99999","V020","999,9,C,0000,1","22000,1,9,9","004000,1,9,9","+0125,1","+0097,1","10163,1","99,9999,9,9",,,"0,1,99,9","0,1,99,9",,,,,"00,99,1,99,9,99,9,99999,9,99,9,99,9","120,M,+0266,1","120,N,+0086,1","9,9,999,9,-023,1",,"SYN004BUFR",
"42367099999","2024-02-18T12:00:00","4","26.4043","80.410119","123.44","KANPUR CHAKERI, IN","FM-12","99999","V020","050,1,N,0010,1","22000,1,9,9","004000,1,9,9","+0265,1","+0127,1","10084,1","99,9999,9,9",,,"0,1,99,9","0,1,99,9","99,9,+04000,1,99,9",,,"9,AGL   ,+99999,+99999","02,99,1,99,9,99,9,04000,1,99,9,99,9",,,"9,9,999,9,-036,1",,"SYN004BUFR",
"42367099999","2024-02-19T03:00:00","4","26.4043","80.410119","123.44","KANPUR CHAKERI, IN","FM-12","99999","V020","140,1,N,0010,1","22000,1,9,9","004000,1,9,9","+0167,1","+0125,1","10145,1","99,9999,9,9",,,"0,1,99,9","0,1,99,9",,,,,"00,99,1,99,9,99,9,99999,9,99,9,99,9","120,M,+0280,1","120,N,+0122,1","9,9,999,9,-016,1",,"SYN004BUFR",
"42367099999","2024-02-19T12:00:00","4","26.4043","80.410119","123.44","KANPUR CHAKERI, IN","FM-12","99999","V020","050,1,N,0010,1","22000,1,9,9","004000,1,9,9","+0260,1","+0147,1","10072,1","99,9999,9,9",,,"0,1,99,9","0,1,99,9",,,,,"00,99,1,99,9,99,9,99999,9,99,9,99,9",,,"9,9,999,9,-012,1",,"SYN004BUFR",
"42367099999","2024-02-20T03:00:00","4","26.4043","80.410119","123.44","KANPUR CHAKERI, IN","FM-12","99999","V020","140,1,N,0010,1","22000,1,9,9","004000,1,9,9","+0172,1","+0148,1","10166,1","99,9999,9,9",,,"0,1,99,9","0,1,99,9",,,,,"00,99,1,99,9,99,9,99999,9,99,9,99,9","120,M,+0276,1","120,N,+0134,1","9,9,999,9,+021,1",,"SYN004BUFR",
"42367099999","2024-02-20T12:00:00","4","26.4043","80.410119","123.44","KANPUR CHAKERI, IN","FM-12","99999","V020","999,9,C,0000,1","22000,1,9,9","004000,1,9,9","+0277,1","+0188,1","10082,1","99,9999,9,9",,,"0,1,99,9","0,1,99,9","99,9,+00600,1,99,9",,,"9,AGL   ,+99999,+99999","04,99,1,99,9,99,9,00600,1,99,9,99,9",,,"9,9,999,9,+011,1",,"SYN004BUFR",
"42367099999","2024-02-21T03:00:00","4","26.4043","80.410119","123.44","KANPUR CHAKERI, IN","FM-12","99999","V020","999,9,C,0000,1","99999,9,9,N","004000,1,9,9","+0180,1","+0165,1","10132,1","24,0006,3,1",,,,,"99,9,+00800,1,99,9",,,"9,AGL   ,+99999,+99999","06,99,1,99,9,99,9,00800,1,99,9,99,9","240,M,+0290,1","240,N,+0156,1","9,9,999,9,-032,1",,"SYN08042367 21596 60000 10180 20165 40132 333 10290 20156 59032 6996/ 555 00006 10039=",
"42367099999","2024-02-21T12:00:00","4","26.4043","80.410119","123.44","KANPUR CHAKERI, IN","FM-12","99999","V020","320,1,N,0010,1","22000,1,9,9","004000,1,9,9","+0245,1","+0177,1","10045,1","99,9999,9,9",,,"0,1,99,9","0,1,99,9","99,9,+00600,1,99,9",,,"9,AGL   ,+99999,+99999","04,99,1,99,9,99,9,00600,1,99,9,99,9",,,"9,9,999,9,-039,1",,"SYN004BUFR",
"42367099999","2024-02-22T03:00:00","4","26.4043","80.410119","123.44","KANPUR CHAKERI, IN","FM-12","99999","V020","999,9,C,0000,1","22000,1,9,9","004000,1,9,9","+0150,1","+0139,1","10125,1","99,9999,9,9",,,"0,1,99,9","0,1,99,9",,,,,"00,99,1,99,9,99,9,99999,9,99,9,99,9","120,M,+0268,1","120,N,+0126,1","9,9,999,9,-009,1",,"SYN004BUFR",
"42367099999","2024-02-22T12:00:00","4","26.4043","80.410119","123.44","KANPUR CHAKERI, IN","FM-12","99999","V020","999,9,C,0000,1","22000,1,9,9","004000,1,9,9","+0240,1","+0124,1","10075,1","99,9999,9,9",,,"0,1,99,9","0,1,99,9",,,,,"00,99,1,99,9,99,9,99999,9,99,9,99,9",,,"9,9,999,9,+030,1",,"SYN004BUFR",
"42367099999","2024-02-23T03:00:00","4","26.4043","80.410119","123.44","KANPUR CHAKERI, IN","FM-12","99999","V020","230,1,N,0010,1","22000,1,9,9","004000,1,9,9","+0126,1","+0095,1","10151,1","99,9999,9,9",,,"0,1,99,9","0,1,99,9",,,,,"00,99,1,99,9,99,9,99999,9,99,9,99,9","120,M,+0240,1","120,N,+0096,1","9,9,999,9,+024,1",,"SYN004BUFR",
"42367099999","2024-02-24T03:00:00","4","26.4043","80.410119","123.44","KANPUR CHAKERI, IN","FM-12","99999","V020","999,9,C,0000,1","99999,9,9,9","004000,1,9,9","+0122,1","+0077,1","10163,1","99,9999,9,9",,,"0,1,99,9","0,1,99,9","99,9,+00600,1,99,9",,,"9,AGL   ,+99999,+99999","06,99,1,99,9,99,9,00600,1,99,9,99,9","120,M,+0250,1","120,N,+0076,1","9,9,999,9,+012,1",,"SYN004BUFR",
"42367099999","2024-02-24T12:00:00","4","26.4043","80.410119","123.44","KANPUR CHAKERI, IN","FM-12","99999","V020","320,1,N,0010,1","22000,1,9,9","004000,1,9,9","+0252,1","+0104,1","10112,1","99,9999,9,9",,,"0,1,99,9","0,1,99,9","99,9,+00600,1,99,9",,,"9,AGL   ,+99999,+99999","04,99,1,99,9,99,9,00600,1,99,9,99,9",,,"9,9,999,9,+001,1",,"SYN004BUFR",
"42367099999","2024-02-25T03:00:00","4","26.4043","80.410119","123.44","KANPUR CHAKERI, IN","FM-12","99999","V020","999,9,C,0000,1","22000,1,9,9","004000,1,9,9","+0136,1","+0121,1","10173,1","99,9999,9,9",,,"0,1,99,9","0,1,99,9",,,,,"00,99,1,99,9,99,9,99999,9,99,9,99,9","120,M,+0254,1","120,N,+0100,1","9,9,999,9,+010,1",,"SYN004BUFR",
"42367099999","2024-02-25T12:00:00","4","26.4043","80.410119","123.44","KANPUR CHAKERI, IN","FM-12","99999","V020","050,1,N,0010,1","22000,1,9,9","004000,1,9,9","+0245,1","+0078,1","10161,1","99,9999,9,9",,,"0,1,99,9","0,1,99,9",,,,,"00,99,1,99,9,99,9,99999,9,99,9,99,9",,,"9,9,999,9,+043,1",,"SYN004BUFR",
"42367099999","2024-02-26T03:00:00","4","26.4043","80.410119","123.44","KANPUR CHAKERI, IN","FM-12","99999","V020","999,9,C,0000,1","22000,1,9,9","004000,1,9,9","+0126,1","+0101,1","10186,1","99,9999,9,9",,,"0,1,99,9","0,1,99,9","99,9,+00600,1,99,9",,,"9,AGL   ,+99999,+99999","04,99,1,99,9,99,9,00600,1,99,9,99,9","120,M,+0256,1","120,N,+0088,1","9,9,999,9,+013,1",,"SYN004BUFR",
"42367099999","2024-02-26T12:00:00","4","26.4043","80.410119","123.44","KANPUR CHAKERI, IN","FM-12","99999","V020","999,9,C,0000,1","22000,1,9,9","004000,1,9,9","+0227,1","+0105,1","10165,1","99,9999,9,9",,,"0,1,99,9","0,1,99,9","99,9,+00600,1,99,9",,,"9,AGL   ,+99999,+99999","04,99,1,99,9,99,9,00600,1,99,9,99,9",,,"9,9,999,9,+008,1",,"SYN004BUFR",
"42367099999","2024-02-27T03:00:00","4","26.4043","80.410119","123.44","KANPUR CHAKERI, IN","FM-12","99999","V020","320,1,N,0010,1","99999,9,9,9","004000,1,9,9","+0150,1","+0117,1","10172,1","99,9999,9,9",,,"0,1,99,9","0,1,99,9","99,9,+00600,1,99,9",,,"9,AGL   ,+99999,+99999","06,99,1,99,9,99,9,00600,1,99,9,99,9","120,M,+0240,1","120,N,+0108,1","9,9,999,9,-013,1",,"SYN004BUFR",
"42367099999","2024-02-27T12:00:00","4","26.4043","80.410119","123.44","KANPUR CHAKERI, IN","FM-12","99999","V020","050,1,N,0010,1","22000,1,9,9","004000,1,9,9","+0246,1","+0102,1","10148,1","99,9999,9,9",,,"0,1,99,9","0,1,99,9","99,9,+00600,1,99,9",,,"9,AGL   ,+99999,+99999","04,99,1,99,9,99,9,00600,1,99,9,99,9",,,"9,9,999,9,-016,1",,"SYN004BUFR",
"42367099999","2024-02-28T03:00:00","4","26.4043","80.410119","123.44","KANPUR CHAKERI, IN","FM-12","99999","V020","320,1,N,0010,1","99999,9,9,N","004000,1,9,9","+0156,1","+0103,1","10165,1",,,,,,,,,,,"240,M,+0250,1","240,N,+0126,1","9,9,999,9,-006,1",,"SYN06842367 32996 03202 10156 20103 40165 333 10250 20126 59006 555 10039=",
"42367099999","2024-02-28T12:00:00","4","26.4043","80.410119","123.44","KANPUR CHAKERI, IN","FM-12","99999","V020","320,1,N,0010,1","22000,1,9,9","004000,1,9,9","+0252,1","+0105,1","10142,1","99,9999,9,9",,,"0,1,99,9","0,1,99,9",,,,,"00,99,1,99,9,99,9,99999,9,99,9,99,9",,,"9,9,999,9,-005,1",,"SYN004BUFR",
"42367099999","2024-02-29T03:00:00","4","26.4043","80.410119","123.44","KANPUR CHAKERI, IN","FM-12","99999","V020","320,1,N,0010,1","22000,1,9,9","004000,1,9,9","+0170,1","+0111,1","10165,1","99,9999,9,9",,,"0,1,99,9","0,1,99,9",,,,,"00,99,1,99,9,99,9,99999,9,99,9,99,9","120,M,+0264,1","120,N,+0136,1","9,9,999,9,+000,1",,"SYN004BUFR",
"42367099999","2024-02-29T12:00:00","4","26.4043","80.410119","123.44","KANPUR CHAKERI, IN","FM-12","99999","V020","320,1,N,0021,1","22000,1,9,9","004000,1,9,9","+0256,1","+0120,1","10153,1","99,9999,9,9",,,"0,1,99,9","0,1,99,9",,,,,"00,99,1,99,9,99,9,99999,9,99,9,99,9",,,"9,9,999,9,+011,1",,"SYN004BUFR",
"42367099999","2024-03-01T03:00:00","4","26.4043","80.410119","123.44","KANPUR CHAKERI, IN","FM-12","99999","V020","999,9,C,0000,1","22000,1,9,9","004000,1,9,9","+0130,1","+0099,1","10166,1","99,9999,9,9",,,"0,1,99,9","0,1,99,9",,,,,"00,99,1,99,9,99,9,99999,9,99,9,99,9","120,M,+0270,1","120,N,+0110,1","9,9,999,9,-001,1",,"SYN004BUFR",
"42367099999","2024-03-01T12:00:00","4","26.4043","80.410119","123.44","KANPUR CHAKERI, IN","FM-12","99999","V020","999,9,C,0000,1","22000,1,9,9","004000,1,9,9","+0285,1","+0132,1","10139,1","99,9999,9,9",,,"0,1,99,9","0,1,99,9",,,,,"00,99,1,99,9,99,9,99999,9,99,9,99,9",,,"9,9,999,9,-013,1",,"SYN004BUFR",
"42367099999","2024-03-02T03:00:00","4","26.4043","80.410119","123.44","KANPUR CHAKERI, IN","FM-12","99999","V020","050,1,N,0010,1","99999,9,9,9","004000,1,9,9","+0207,1","+0172,1","10150,1","99,9999,9,9",,,"0,1,99,9","0,1,99,9","99,9,+00600,1,99,9",,,"9,AGL   ,+99999,+99999","08,99,1,99,9,99,9,00600,1,99,9,99,9","120,M,+0292,1","120,N,+0184,1","9,9,999,9,-011,1",,"SYN004BUFR",
"42367099999","2024-03-02T12:00:00","4","26.4043","80.410119","123.44","KANPUR CHAKERI, IN","FM-12","99999","V020","050,1,N,0010,1","22000,1,9,9","004000,1,9,9","+0192,1","+0172,1","10115,1",,"9,1,99,9","6,1,99,9",,,"99,9,+00600,1,99,9",,,"9,AGL   ,+99999,+99999","04,99,1,99,9,99,9,00600,1,99,9,99,9",,,"9,9,999,9,+028,1","60,1","SYN004BUFR",
"42367099999","2024-03-03T03:00:00","4","26.4043","80.410119","123.44","KANPUR CHAKERI, IN","FM-12","99999","V020","140,1,N,0021,1","99999,9,9,9","004000,1,9,9","+0185,1","+0167,1","10122,1",,,,,,"99,9,+00600,1,99,9",,,"9,AGL   ,+99999,+99999","08,99,1,99,9,99,9,00600,1,99,9,99,9","120,M,+0236,1","120,N,+0160,1","9,9,999,9,-029,1",,"SYN004BUFR",
"42367099999","2024-03-03T12:00:00","4","26.4043","80.410119","123.44","KANPUR CHAKERI, IN","FM-12","99999","V020","050,1,N,0010,1","22000,1,9,9","004000,1,9,9","+0222,1","+0191,1","10123,1",,,,,,"99,9,+00600,1,99,9",,,"9,AGL   ,+99999,+99999","04,99,1,99,9,99,9,00600,1,99,9,99,9",,,"9,9,999,9,+010,1",,"SYN004BUFR",
"42367099999","2024-03-04T03:00:00","4","26.4043","80.410119","123.44","KANPUR CHAKERI, IN","FM-12","99999","V020","320,1,N,0010,1","99999,9,9,9","004000,1,9,9","+0185,1","+0174,1","10145,1",,,,,,"99,9,+00600,1,99,9",,,"9,AGL   ,+99999,+99999","08,99,1,99,9,99,9,00600,1,99,9,99,9","120,M,+0232,1","120,N,+0166,1","9,9,999,9,+023,1",,"SYN004BUFR",
"42367099999","2024-03-04T12:00:00","4","26.4043","80.410119","123.44","KANPUR CHAKERI, IN","FM-12","99999","V020","999,9,C,0000,1","22000,1,9,9","004000,1,9,9","+0232,1","+0132,1","10114,1","99,9999,9,9",,,"0,1,99,9","0,1,99,9",,,,,"00,99,1,99,9,99,9,99999,9,99,9,99,9",,,"9,9,999,9,-009,1",,"SYN004BUFR",
"42367099999","2024-03-05T03:00:00","4","26.4043","80.410119","123.44","KANPUR CHAKERI, IN","FM-12","99999","V020","050,1,N,0010,1","22000,1,9,9","004000,1,9,9","+0147,1","+0080,1","10160,1","99,9999,9,9",,,"0,1,99,9","0,1,99,9",,,,,"00,99,1,99,9,99,9,99999,9,99,9,99,9","120,M,+0252,1","120,N,+0116,1","9,9,999,9,+013,1",,"SYN004BUFR",
"42367099999","2024-03-05T12:00:00","4","26.4043","80.410119","123.44","KANPUR CHAKERI, IN","FM-12","99999","V020","320,1,N,0010,1","22000,1,9,9","004000,1,9,9","+0235,1","+0074,1","10144,1","99,9999,9,9",,,"0,1,99,9","0,1,99,9","99,9,+04000,1,99,9",,,"9,AGL   ,+99999,+99999","02,99,1,99,9,99,9,04000,1,99,9,99,9",,,"9,9,999,9,+030,1",,"SYN004BUFR",
"42367099999","2024-03-06T03:00:00","4","26.4043","80.410119","123.44","KANPUR CHAKERI, IN","FM-12","99999","V020","320,1,N,0021,1","22000,1,9,9","004000,1,9,9","+0142,1","+0096,1","10163,1","99,9999,9,9",,,"0,1,99,9","0,1,99,9",,,,,"00,99,1,99,9,99,9,99999,9,99,9,99,9","120,M,+0240,1","120,N,+0098,1","9,9,999,9,+003,1",,"SYN004BUFR",
"42367099999","2024-03-06T12:00:00","4","26.4043","80.410119","123.44","KANPUR CHAKERI, IN","FM-12","99999","V020","320,1,N,0010,1","22000,1,9,N","004000,1,9,9","+0224,1","+0104,1","10152,1",,,,,,,,,"9,AGL   ,+99999,+99999","02,99,1,99,9,99,9,99999,9,99,9,99,9","240,M,+0252,1",,"9,9,999,9,+008,1",,"SYN05242367 32996 23202 10224 20104 40152 333 10252 58008=",
"42367099999","2024-03-07T03:00:00","4","26.4043","80.410119","123.44","KANPUR CHAKERI, IN","FM-12","99999","V020","230,1,N,0010,1","99999,9,9,N","004000,1,9,9","+0144,1","+0110,1","10153,1",,,,,,,,,,,"240,M,+0252,1","240,N,+0090,1","9,9,999,9,-010,1",,"SYN06842367 32996 02302 10144 20110 40153 333 10252 20090 59010 555 10032=",
"42367099999","2024-03-07T12:00:00","4","26.4043","80.410119","123.44","KANPUR CHAKERI, IN","FM-12","99999","V020","320,1,N,0021,1","22000,1,9,9","004000,1,9,9","+0247,1","+0090,1","10152,1","99,9999,9,9",,,"0,1,99,9","0,1,99,9",,,,,"00,99,1,99,9,99,9,99999,9,99,9,99,9",,,"9,9,999,9,+000,1",,"SYN004BUFR",
"42367099999","2024-03-08T03:00:00","4","26.4043","80.410119","123.44","KANPUR CHAKERI, IN","FM-12","99999","V020","230,1,N,0010,1","22000,1,9,9","004000,1,9,9","+0175,1","+0111,1","10160,1","99,9999,9,9",,,"0,1,99,9","0,1,99,9",,,,,"00,99,1,99,9,99,9,99999,9,99,9,99,9","120,M,+0260,1","120,N,+0120,1","9,9,999,9,+008,1",,"SYN004BUFR",
"42367099999","2024-03-08T12:00:00","4","26.4043","80.410119","123.44","KANPUR CHAKERI, IN","FM-12","99999","V020","320,1,N,0010,1","22000,1,9,9","004000,1,9,9","+0256,1","+0109,1","10140,1","99,9999,9,9",,,"0,1,99,9","0,1,99,9",,,,,"00,99,1,99,9,99,9,99999,9,99,9,99,9",,,"9,9,999,9,-011,1",,"SYN004BUFR",
"42367099999","2024-03-09T03:00:00","4","26.4043","80.410119","123.44","KANPUR CHAKERI, IN","FM-12","99999","V020","230,1,N,0010,1","22000,1,9,9","004000,1,9,9","+0166,1","+0115,1","10165,1","99,9999,9,9",,,"0,1,99,9","0,1,99,9",,,,,"00,99,1,99,9,99,9,99999,9,99,9,99,9","120,M,+0274,1","120,N,+0110,1","9,9,999,9,+004,1",,"SYN004BUFR",
"42367099999","2024-03-09T12:00:00","4","26.4043","80.410119","123.44","KANPUR CHAKERI, IN","FM-12","99999","V020","320,1,N,0010,1","22000,1,9,9","004000,1,9,9","+0255,1","+0113,1","10151,1","99,9999,9,9",,,"0,1,99,9","0,1,99,9",,,,,"00,99,1,99,9,99,9,99999,9,99,9,99,9",,,"9,9,999,9,+011,1",,"SYN004BUFR",
"42367099999","2024-03-10T03:00:00","4","26.4043","80.410119","123.44","KANPUR CHAKERI, IN","FM-12","99999","V020","230,1,N,0010,1","22000,1,9,N","004000,1,9,9","+0166,1","+0123,1","10161,1",,,,,,,,,"9,AGL   ,+99999,+99999","02,99,1,99,9,99,9,99999,9,99,9,99,9","240,M,+0260,1","240,N,+0098,1","9,9,999,9,-004,1",,"SYN06842367 32996 22302 10166 20123 40161 333 10260 20098 59004 555 10032=",
"42367099999","2024-03-10T12:00:00","4","26.4043","80.410119","123.44","KANPUR CHAKERI, IN","FM-12","99999","V020","320,1,N,0010,1","22000,1,9,9","004000,1,9,9","+0267,1","+0128,1","10146,1","99,9999,9,9",,,"0,1,99,9","0,1,99,9",,,,,"00,99,1,99,9,99,9,99999,9,99,9,99,9",,,"9,9,999,9,-004,1",,"SYN004BUFR",
"42367099999","2024-03-11T03:00:00","4","26.4043","80.410119","123.44","KANPUR CHAKERI, IN","FM-12","99999","V020","999,9,C,0000,1","22000,1,9,9","004000,1,9,9","+0166,1","+0110,1","10181,1","99,9999,9,9",,,"0,1,99,9","0,1,99,9",,,,,"00,99,1,99,9,99,9,99999,9,99,9,99,9","120,M,+0274,1","120,N,+0124,1","9,9,999,9,+020,1",,"SYN004BUFR",
"42367099999","2024-03-11T12:00:00","4","26.4043","80.410119","123.44","KANPUR CHAKERI, IN","FM-12","99999","V020","320,1,N,0010,1","99999,9,9,N","004000,1,9,9","+0280,1","+0136,1","10159,1",,,,,,,,,,,"240,M,+0290,1",,"9,9,999,9,-013,1",,"SYN05242367 32996 03202 10280 20136 40159 333 10290 59013=",
"42367099999","2024-03-12T03:00:00","4","26.4043","80.410119","123.44","KANPUR CHAKERI, IN","FM-12","99999","V020","999,9,C,0000,1","99999,9,9,N","004000,1,9,9","+0180,1","+0156,1","10167,1",,,,,,,,,,,"240,M,+0290,1","240,N,+0130,1","9,9,999,9,-013,1",,"SYN06842367 32996 00000 10180 20156 40167 333 10290 20130 59013 555 10032=",
"42367099999","2024-03-12T12:00:00","4","26.4043","80.410119","123.44","KANPUR CHAKERI, IN","FM-12","99999","V020","320,1,N,0010,1","22000,1,9,9","004000,1,9,9","+0295,1","+0193,1","10142,1","99,9999,9,9",,,"0,1,99,9","0,1,99,9",,,,,"00,99,1,99,9,99,9,99999,9,99,9,99,9",,,"9,9,999,9,-016,1",,"SYN004BUFR",
"42367099999","2024-03-13T03:00:00","4","26.4043","80.410119","123.44","KANPUR CHAKERI, IN","FM-12","99999","V020","320,1,N,0010,1","22000,1,9,9","004000,1,9,9","+0220,1","+0157,1","10135,1","99,9999,9,9",,,"0,1,99,9","0,1,99,9","99,9,+04000,1,99,9",,,"9,AGL   ,+99999,+99999","04,99,1,99,9,99,9,04000,1,99,9,99,9","120,M,+0308,1","120,N,+0160,1","9,9,999,9,-030,1",,"SYN004BUFR",
"42367099999","2024-03-13T12:00:00","4","26.4043","80.410119","123.44","KANPUR CHAKERI, IN","FM-12","99999","V020","999,9,C,0000,1","22000,1,9,9","004000,1,9,9","+0300,1","+0133,1","10125,1","99,9999,9,9",,,"0,1,99,9","0,1,99,9",,,,,"00,99,1,99,9,99,9,99999,9,99,9,99,9",,,"9,9,999,9,-017,1",,"SYN004BUFR",
"42367099999","2024-03-14T03:00:00","4","26.4043","80.410119","123.44","KANPUR CHAKERI, IN","FM-12","99999","V020","320,1,N,0010,1","22000,1,9,9","004000,1,9,9","+0215,1","+0182,1","10147,1","99,9999,9,9",,,"0,1,99,9","0,1,99,9","99,9,+00600,1,99,9",,,"9,AGL   ,+99999,+99999","04,99,1,99,9,99,9,00600,1,99,9,99,9","120,M,+0308,1","120,N,+0144,1","9,9,999,9,+012,1",,"SYN004BUFR",
"42367099999","2024-03-14T12:00:00","4","26.4043","80.410119","123.44","KANPUR CHAKERI, IN","FM-12","99999","V020","999,9,C,0000,1","22000,1,9,9","004000,1,9,9","+0292,1","+0176,1","10132,1","99,9999,9,9",,,"0,1,99,9","0,1,99,9",,,,,"00,99,1,99,9,99,9,99999,9,99,9,99,9",,,"9,9,999,9,+007,1",,"SYN004BUFR",
"42367099999","2024-03-15T03:00:00","4","26.4043","80.410119","123.44","KANPUR CHAKERI, IN","FM-12","99999","V020","320,1,N,0010,1","22000,1,9,9","004000,1,9,9","+0216,1","+0129,1","10138,1","99,9999,9,9",,,"0,1,99,9","0,1,99,9",,,,,"00,99,1,99,9,99,9,99999,9,99,9,99,9","120,M,+0314,1","120,N,+0157,1","9,9,999,9,-010,1",,"SYN004BUFR",
"42367099999","2024-03-15T12:00:00","4","26.4043","80.410119","123.44","KANPUR CHAKERI, IN","FM-12","99999","V020","320,1,N,0010,1","22000,1,9,9","004000,1,9,9","+0262,1","+0101,1","10133,1","99,9999,9,9",,,"0,1,99,9","0,1,99,9",,,,,"00,99,1,99,9,99,9,99999,9,99,9,99,9",,,"9,9,999,9,+000,1",,"SYN004BUFR",
"42367099999","2024-03-16T03:00:00","4","26.4043","80.410119","123.44","KANPUR CHAKERI, IN","FM-12","99999","V020","140,1,N,0010,1","22000,1,9,9","004000,1,9,9","+0202,1","+0116,1","10169,1","99,9999,9,9",,,"0,1,99,9","0,1,99,9","99,9,+00600,1,99,9",,,"9,AGL   ,+99999,+99999","04,99,1,99,9,99,9,00600,1,99,9,99,9","120,M,+0260,1","120,N,+0141,1","9,9,999,9,+031,1",,"SYN004BUFR",
"42367099999","2024-03-16T12:00:00","4","26.4043","80.410119","123.44","KANPUR CHAKERI, IN","FM-12","99999","V020","320,1,N,0010,1","22000,1,9,9","004000,1,9,9","+0270,1","+0135,1","10144,1","99,9999,9,9",,,"0,1,99,9","0,1,99,9","99,9,+04000,1,99,9",,,"9,AGL   ,+99999,+99999","02,99,1,99,9,99,9,04000,1,99,9,99,9",,,"9,9,999,9,+011,1",,"SYN004BUFR",
"42367099999","2024-03-17T03:00:00","4","26.4043","80.410119","123.44","KANPUR CHAKERI, IN","FM-12","99999","V020","320,1,N,0010,1","22000,1,9,9","004000,1,9,9","+0206,1","+0133,1","10169,1","99,9999,9,9",,,"0,1,99,9","0,1,99,9","99,9,+00600,1,99,9",,,"9,AGL   ,+99999,+99999","04,99,1,99,9,99,9,00600,1,99,9,99,9","120,M,+0294,1","120,N,+0096,1","9,9,999,9,+000,1",,"SYN004BUFR",
"42367099999","2024-03-17T12:00:00","4","26.4043","80.410119","123.44","KANPUR CHAKERI, IN","FM-12","99999","V020","999,9,C,0000,1","22000,1,9,9","004000,1,9,9","+0276,1","+0159,1","10145,1","99,9999,9,9",,,"0,1,99,9","0,1,99,9","99,9,+04000,1,99,9",,,"9,AGL   ,+99999,+99999","04,99,1,99,9,99,9,04000,1,99,9,99,9","120,M,+0290,1","120,N,+0272,1","9,9,999,9,+001,1",,"SYN004BUFR",
"42367099999","2024-03-18T03:00:00","4","26.4043","80.410119","123.44","KANPUR CHAKERI, IN","FM-12","99999","V020","270,1,N,0010,1","99999,9,9,N","004000,1,9,9","+0198,1","+0131,1","10158,1",,,,,,,,,,,"240,M,+0290,1","240,N,+0113,1","9,9,999,9,-012,1",,"SYN06842367 32996 02702 10198 20131 40158 333 10290 20113 59012 555 10032=",
"42367099999","2024-03-18T12:00:00","4","26.4043","80.410119","123.44","KANPUR CHAKERI, IN","FM-12","99999","V020","320,1,N,0010,1","22000,1,9,9","004000,1,9,9","+0282,1","+0167,1","10140,1","99,9999,9,9",,,"0,1,99,9","0,1,99,9",,,,,"00,99,1,99,9,99,9,99999,9,99,9,99,9",,,"9,9,999,9,-005,1",,"SYN004BUFR",
"42367099999","2024-03-19T03:00:00","4","26.4043","80.410119","123.44","KANPUR CHAKERI, IN","FM-12","99999","V020","320,1,N,0010,1","22000,1,9,9","004000,1,9,9","+0210,1","+0121,1","10145,1","99,9999,9,9",,,"0,1,99,9","0,1,99,9",,,,,"00,99,1,99,9,99,9,99999,9,99,9,99,9","120,M,+0294,1","120,N,+0116,1","9,9,999,9,-011,1",,"SYN004BUFR",
"42367099999","2024-03-19T12:00:00","4","26.4043","80.410119","123.44","KANPUR CHAKERI, IN","FM-12","99999","V020","320,1,N,0010,1","99999,9,9,N","004000,1,9,9","+0280,1","+0087,1","10115,1",,,,,,,,,,,"240,M,+0288,1",,"9,9,999,9,-025,1",,"SYN05242367 32996 03202 10280 20087 40115 333 10288 59025=",
"42367099999","2024-03-20T03:00:00","4","26.4043","80.410119","123.44","KANPUR CHAKERI, IN","FM-12","99999","V020","270,1,N,0010,1","22000,1,9,9","004000,1,9,9","+0220,1","+0142,1","10148,1","99,9999,9,9",,,"0,1,99,9","0,1,99,9",,,,,"00,99,1,99,9,99,9,99999,9,99,9,99,9","120,M,+0288,1","120,N,+0115,1","9,9,999,9,+002,1",,"SYN004BUFR",
"42367099999","2024-03-20T12:00:00","4","26.4043","80.410119","123.44","KANPUR CHAKERI, IN","FM-12","99999","V020","999,9,C,0000,1","22000,1,9,9","004000,1,9,9","+0300,1","+0163,1","10123,1","99,9999,9,9",,,"0,1,99,9","0,1,99,9",,,,,"00,99,1,99,9,99,9,99999,9,99,9,99,9",,,"9,9,999,9,+009,1",,"SYN004BUFR",
"42367099999","2024-03-21T03:00:00","4","26.4043","80.410119","123.44","KANPUR CHAKERI, IN","FM-12","99999","V020","050,1,N,0010,1","99999,9,9,N","004000,1,9,9","+0194,1","+0157,1","10171,1",,,,,,,,,,,"240,M,+0302,1","240,N,+0148,1","9,9,999,9,+023,1",,"SYN06842367 32996 00502 10194 20157 40171 333 10302 20148 58023 555 10032=",
"42367099999","2024-03-22T03:00:00","4","26.4043","80.410119","123.44","KANPUR CHAKERI, IN","FM-12","99999","V020","230,1,N,0010,1","22000,1,9,9","004000,1,9,9","+0230,1","+0161,1","10124,1","99,9999,9,9",,,"0,1,99,9","0,1,99,9",,,,,"00,99,1,99,9,99,9,99999,9,99,9,99,9","120,M,+0278,1","120,N,+0142,1","9,9,999,9,-045,1",,"SYN004BUFR",
"42367099999","2024-03-22T12:00:00","4","26.4043","80.410119","123.44","KANPUR CHAKERI, IN","FM-12","99999","V020","320,1,N,0010,1","22000,1,9,9","004000,1,9,9","+0295,1","+0220,1","10096,1","99,9999,9,9",,,"0,1,99,9","0,1,99,9",,,,,"00,99,1,99,9,99,9,99999,9,99,9,99,9",,,"9,9,999,9,-037,1",,"SYN004BUFR",
"42367099999","2024-03-23T03:00:00","4","26.4043","80.410119","123.44","KANPUR CHAKERI, IN","FM-12","99999","V020","140,1,N,0010,1","22000,1,9,9","004000,1,9,9","+0245,1","+0166,1","10089,1","99,9999,9,9",,,"0,1,99,9","0,1,99,9",,,,,"00,99,1,99,9,99,9,99999,9,99,9,99,9","120,M,+0306,1","120,N,+0150,1","9,9,999,9,-034,1",,"SYN004BUFR",
"42367099999","2024-03-23T12:00:00","4","26.4043","80.410119","123.44","KANPUR CHAKERI, IN","FM-12","99999","V020","320,1,N,0010,1","22000,1,9,9","004000,1,9,9","+0322,1","+0138,1","10081,1","99,9999,9,9",,,"0,1,99,9","0,1,99,9",,,,,"00,99,1,99,9,99,9,99999,9,99,9,99,9",,,"9,9,999,9,-012,1",,"SYN004BUFR",
"42367099999","2024-03-24T03:00:00","4","26.4043","80.410119","123.44","KANPUR CHAKERI, IN","FM-12","99999","V020","320,1,N,0010,1","22000,1,9,9","004000,1,9,9","+0255,1","+0159,1","10110,1","99,9999,9,9",,,"0,1,99,9","0,1,99,9",,,,,"00,99,1,99,9,99,9,99999,9,99,9,99,9","120,M,+0330,1","120,N,+0148,1","9,9,999,9,+021,1",,"SYN004BUFR",
"42367099999","2024-03-24T12:00:00","4","26.4043","80.410119","123.44","KANPUR CHAKERI, IN","FM-12","99999","V020","320,1,N,0010,1","99999,9,9,N","004000,1,9,9","+0326,1","+0152,1","10132,1",,,,,,,,,,,"240,M,+0332,1",,"9,9,999,9,+020,1",,"SYN05242367 32996 03202 10326 20152 40132 333 10332 58020=",
"42367099999","2024-03-25T03:00:00","4","26.4043","80.410119","123.44","KANPUR CHAKERI, IN","FM-12","99999","V020","320,1,N,0010,1","22000,1,9,9","004000,1,9,9","+0235,1","+0176,1","10132,1","99,9999,9,9",,,"0,1,99,9","0,1,99,9",,,,,"00,99,1,99,9,99,9,99999,9,99,9,99,9","120,M,+0332,1","120,N,+0166,1","9,9,999,9,+021,1",,"SYN004BUFR",
"42367099999","2024-03-25T12:00:00","4","26.4043","80.410119","123.44","KANPUR CHAKERI, IN","FM-12","99999","V020","320,1,N,0021,1","22000,1,9,9","004000,1,9,9","+0315,1","+0148,1","10104,1","99,9999,9,9",,,"0,1,99,9","0,1,99,9",,,,,"00,99,1,99,9,99,9,99999,9,99,9,99,9",,,"9,9,999,9,+002,1",,"SYN004BUFR",
"42367099999","2024-03-26T03:00:00","4","26.4043","80.410119","123.44","KANPUR CHAKERI, IN","FM-12","99999","V020","230,1,N,0010,1","22000,1,9,9","004000,1,9,9","+0262,1","+0161,1","10122,1","99,9999,9,9",,,"0,1,99,9","0,1,99,9","99,9,+00600,1,99,9",,,"9,AGL   ,+99999,+99999","04,99,1,99,9,99,9,00600,1,99,9,99,9","120,M,+0320,1","120,N,+0168,1","9,9,999,9,-008,1",,"SYN004BUFR",
"42367099999","2024-03-27T03:00:00","4","26.4043","80.410119","123.44","KANPUR CHAKERI, IN","FM-12","99999","V020","230,1,N,0010,1","22000,1,9,9","004000,1,9,9","+0275,1","+0136,1","10144,1","99,9999,9,9",,,"0,1,99,9","0,1,99,9",,,,,"00,99,1,99,9,99,9,99999,9,99,9,99,9","120,M,+0334,1","120,N,+0174,1","9,9,999,9,+022,1",,"SYN004BUFR",
"42367099999","2024-03-27T12:00:00","4","26.4043","80.410119","123.44","KANPUR CHAKERI, IN","FM-12","99999","V020","320,1,N,0010,1","22000,1,9,9","004000,1,9,9","+0330,1","+0166,1","10122,1","99,9999,9,9",,,"0,1,99,9","0,1,99,9","99,9,+04000,1,99,9",,,"9,AGL   ,+99999,+99999","02,99,1,99,9,99,9,04000,1,99,9,99,9",,,"9,9,999,9,+007,1",,"SYN004BUFR",
"42367099999","2024-04-02T03:00:00","4","26.4043","80.410119","123.44","KANPUR CHAKERI, IN","FM-12","99999","V020","320,1,N,0021,1","22000,1,9,9","004000,1,9,9","+0250,1","+0121,1","10081,1","99,9999,9,9",,,"0,1,99,9","0,1,99,9","99,9,+04000,1,99,9",,,"9,AGL   ,+99999,+99999","02,99,1,99,9,99,9,04000,1,99,9,99,9","120,M,+0370,1","120,N,+0188,1","9,9,999,9,-011,1",,"SYN004BUFR",
"42367099999","2024-04-03T03:00:00","4","26.4043","80.410119","123.44","KANPUR CHAKERI, IN","FM-12","99999","V020","230,1,N,0010,1","22000,1,9,9","004000,1,9,9","+0275,1","+0118,1","10093,1","99,9999,9,9",,,"0,1,99,9","0,1,99,9",,,,,"00,99,1,99,9,99,9,99999,9,99,9,99,9","120,M,+0372,1","120,N,+0164,1","9,9,999,9,+014,1",,"SYN004BUFR",
"42367099999","2024-04-03T12:00:00","4","26.4043","80.410119","123.44","KANPUR CHAKERI, IN","FM-12","99999","V020","320,1,N,0010,1","22000,1,9,N","004000,1,9,9","+0350,1","+0114,1","10052,1",,,,,,"99,9,+00800,1,99,9",,,"9,AGL   ,+99999,+99999","04,99,1,99,9,99,9,00800,1,99,9,99,9","240,M,+0370,1",,"9,9,999,9,+007,1",,"SYN05242367 32596 43202 10350 20114 40052 333 10370 58007=",
"42367099999","2024-04-04T03:00:00","4","26.4043","80.410119","123.44","KANPUR CHAKERI, IN","FM-12","99999","V020","140,1,N,0010,1","22000,1,9,9","004000,1,9,9","+0286,1","+0144,1","10083,1","99,9999,9,9",,,"0,1,99,9","0,1,99,9","99,9,+00600,1,99,9",,,"9,AGL   ,+99999,+99999","04,99,1,99,9,99,9,00600,1,99,9,99,9","120,M,+0370,1","120,N,+0185,1","9,9,999,9,-010,1",,"SYN004BUFR",
"42367099999","2024-04-04T12:00:00","4","26.4043","80.410119","123.44","KANPUR CHAKERI, IN","FM-12","99999","V020","230,1,N,0010,1","22000,1,9,9","004000,1,9,9","+0340,1","+0210,1","10059,1","99,9999,9,9",,,"0,1,99,9","0,1,99,9","99,9,+00600,1,99,9",,,"9,AGL   ,+99999,+99999","04,99,1,99,9,99,9,00600,1,99,9,99,9",,,"9,9,999,9,+007,1",,"SYN004BUFR",
"42367099999","2024-04-05T03:00:00","4","26.4043","80.410119","123.44","KANPUR CHAKERI, IN","FM-12","99999","V020","320,1,N,0010,1","22000,1,9,9","004000,1,9,9","+0300,1","+0142,1","10079,1","99,9999,9,9",,,"0,1,99,9","0,1,99,9","99,9,+00600,1,99,9",,,"9,AGL   ,+99999,+99999","04,99,1,99,9,99,9,00600,1,99,9,99,9","120,M,+0376,1","120,N,+0196,1","9,9,999,9,-003,1",,"SYN004BUFR",
"42367099999","2024-04-05T12:00:00","4","26.4043","80.410119","123.44","KANPUR CHAKERI, IN","FM-12","99999","V020","050,1,N,0010,1","22000,1,9,9","004000,1,9,9","+0347,1","+0126,1","10050,1","99,9999,9,9",,,"0,1,99,9","0,1,99,9","99,9,+04000,1,99,9",,,"9,AGL   ,+99999,+99999","04,99,1,99,9,99,9,04000,1,99,9,99,9",,,"9,9,999,9,-009,1",,"SYN004BUFR",
"42367099999","2024-04-06T03:00:00","4","26.4043","80.410119","123.44","KANPUR CHAKERI, IN","FM-12","99999","V020","320,1,N,0010,1","22000,1,9,9","004000,1,9,9","+0285,1","+0123,1","10085,1","99,9999,9,9",,,"0,1,99,9","0,1,99,9","99,9,+00600,1,99,9",,,"9,AGL   ,+99999,+99999","04,99,1,99,9,99,9,00600,1,99,9,99,9","120,M,+0380,1","120,N,+0225,1","9,9,999,9,+005,1",,"SYN004BUFR",
"42367099999","2024-04-06T12:00:00","4","26.4043","80.410119","123.44","KANPUR CHAKERI, IN","FM-12","99999","V020","320,1,N,0010,1","99999,9,9,N","004000,1,9,9","+0344,1","+0062,1","10067,1",,,,,,,,,,,"240,M,+0370,1",,"9,9,999,9,+017,1",,"SYN05242367 32596 03202 10344 20062 40067 333 10370 58017=",
"42367099999","2024-04-07T03:00:00","4","26.4043","80.410119","123.44","KANPUR CHAKERI, IN","FM-12","99999","V020","320,1,N,0010,1","22000,1,9,9","004000,1,9,9","+0280,1","+0108,1","10089,1","99,9999,9,9",,,"0,1,99,9","0,1,99,9",,,,,"00,99,1,99,9,99,9,99999,9,99,9,99,9","120,M,+0370,1","120,N,+0176,1","9,9,999,9,+003,1",,"SYN004BUFR",
"42367099999","2024-04-07T12:00:00","4","26.4043","80.410119","123.44","KANPUR CHAKERI, IN","FM-12","99999","V020","320,1,N,0010,1","22000,1,9,9","004000,1,9,9","+0357,1","+0089,1","10049,1","99,9999,9,9",,,"0,1,99,9","0,1,99,9",,,,,"00,99,1,99,9,99,9,99999,9,99,9,99,9",,,"9,9,999,9,-019,1",,"SYN004BUFR",
"42367099999","2024-04-08T03:00:00","4","26.4043","80.410119","123.44","KANPUR CHAKERI, IN","FM-12","99999","V020","230,1,N,0010,1","99999,9,9,N","004000,1,9,9","+0294,1","+0089,1","10092,1",,,,,,,,,,,"240,M,+0370,1","240,N,+0168,1","9,9,999,9,+004,1",,"SYN06842367 32996 02302 10294 20089 40092 333 10370 20168 58004 555 10032=",
"42367099999","2024-04-08T12:00:00","4","26.4043","80.410119","123.44","KANPUR CHAKERI, IN","FM-12","99999","V020","050,1,N,0010,1","22000,1,9,9","004000,1,9,9","+0360,1","+0087,1","10078,1","99,9999,9,9",,,"0,1,99,9","0,1,99,9",,,,,"00,99,1,99,9,99,9,99999,9,99,9,99,9",,,"9,9,999,9,+030,1",,"SYN004BUFR",
"42367099999","2024-04-09T03:00:00","4","26.4043","80.410119","123.44","KANPUR CHAKERI, IN","FM-12","99999","V020","230,1,N,0010,1","22000,1,9,9","004000,1,9,9","+0297,1","+0143,1","10106,1","99,9999,9,9",,,"0,1,99,9","0,1,99,9","99,9,+00600,1,99,9",,,"9,AGL   ,+99999,+99999","04,99,1,99,9,99,9,00600,1,99,9,99,9","120,M,+0378,1","120,N,+0178,1","9,9,999,9,+010,1",,"SYN004BUFR",
"42367099999","2024-04-09T12:00:00","4","26.4043","80.410119","123.44","KANPUR CHAKERI, IN","FM-12","99999","V020","140,1,N,0010,1","22000,1,9,9","004000,1,9,9","+0350,1","+0114,1","10088,1",,,,,,"99,9,+00600,1,99,9",,,"9,AGL   ,+99999,+99999","04,99,1,99,9,99,9,00600,1,99,9,99,9",,,"9,9,999,9,+009,1",,"SYN004BUFR",
"42367099999","2024-04-10T03:00:00","4","26.4043","80.410119","123.44","KANPUR CHAKERI, IN","FM-12","99999","V020","230,1,N,0021,1","22000,1,9,9","004000,1,9,9","+0300,1","+0142,1","10110,1","99,9999,9,9",,,"0,1,99,9","0,1,99,9","99,9,+00600,1,99,9",,,"9,AGL   ,+99999,+99999","04,99,1,99,9,99,9,00600,1,99,9,99,9","120,M,+0390,1","120,N,+0210,1","9,9,999,9,+007,1",,"SYN004BUFR",
"42367099999","2024-04-10T12:00:00","4","26.4043","80.410119","123.44","KANPUR CHAKERI, IN","FM-12","99999","V020","320,1,N,0010,1","99999,9,9,9","004000,1,9,9","+0357,1","+0142,1","10088,1",,,,,,"99,9,+00600,1,99,9",,,"9,AGL   ,+99999,+99999","06,99,1,99,9,99,9,00600,1,99,9,99,9",,,"9,9,999,9,+000,1",,"SYN004BUFR",
"42367099999","2024-04-11T03:00:00","4","26.4043","80.410119","123.44","KANPUR CHAKERI, IN","FM-12","99999","V020","320,1,N,0010,1","22000,1,9,9","004000,1,9,9","+0277,1","+0141,1","10119,1",,,,,,,,,,"00,99,1,99,9,99,9,99999,9,99,9,99,9","120,M,+0382,1","120,N,+0195,1","9,9,999,9,+008,1",,"SYN004BUFR",
"42367099999","2024-04-11T12:00:00","4","26.4043","80.410119","123.44","KANPUR CHAKERI, IN","FM-12","99999","V020","230,1,N,0010,1","22000,1,9,9","004000,1,9,9","+0352,1","+0084,1","10071,1","99,9999,9,9",,,"0,1,99,9","0,1,99,9","99,9,+00600,1,99,9",,,"9,AGL   ,+99999,+99999","04,99,1,99,9,99,9,00600,1,99,9,99,9",,,"9,9,999,9,-017,1",,"SYN004BUFR",
"42367099999","2024-04-12T03:00:00","4","26.4043","80.410119","123.44","KANPUR CHAKERI, IN","FM-12","99999","V020","230,1,N,0010,1","22000,1,9,9","004000,1,9,9","+0290,1","+0153,1","10112,1","99,9999,9,9",,,"0,1,99,9","0,1,99,9","99,9,+00600,1,99,9",,,"9,AGL   ,+99999,+99999","04,99,1,99,9,99,9,00600,1,99,9,99,9","120,M,+0390,1","120,N,+0214,1","9,9,999,9,-007,1",,"SYN004BUFR",
"42367099999","2024-04-12T12:00:00","4","26.4043","80.410119","123.44","KANPUR CHAKERI, IN","FM-12","99999","V020","320,1,N,0041,1","99999,9,9,9","004000,1,9,9","+0250,1","+0170,1","10096,1",,,,,,"99,9,+00600,1,99,9",,,"9,AGL   ,+99999,+99999","06,99,1,99,9,99,9,00600,1,99,9,99,9",,,"9,9,999,9,+020,1",,"SYN004BUFR",
"42367099999","2024-04-13T03:00:00","4","26.4043","80.410119","123.44","KANPUR CHAKERI, IN","FM-12","99999","V020","320,1,N,0010,1","22000,1,9,9","004000,1,9,9","+0280,1","+0160,1","10118,1",,,,,,"99,9,+04000,1,99,9",,,"9,AGL   ,+99999,+99999","02,99,1,99,9,99,9,04000,1,99,9,99,9","120,M,+0390,1","120,N,+0200,1","9,9,999,9,+006,1",,"SYN004BUFR",
"42367099999","2024-04-13T12:00:00","4","26.4043","80.410119","123.44","KANPUR CHAKERI, IN","FM-12","99999","V020","050,1,N,0010,1","22000,1,9,N","004000,1,9,9","+0356,1","+0143,1","10075,1",,,,,,"99,9,+00800,1,99,9",,,"9,AGL   ,+99999,+99999","04,99,1,99,9,99,9,00800,1,99,9,99,9","240,M,+0388,1",,"9,9,999,9,-016,1",,"SYN05242367 32596 40502 10356 20143 40075 333 10388 59016=",
"42367099999","2024-04-14T12:00:00","4","26.4043","80.410119","123.44","KANPUR CHAKERI, IN","FM-12","99999","V020","320,1,N,0010,1","22000,1,9,9","004000,1,9,9","+0357,1","+0168,1","10088,1","99,9999,9,9",,,"0,1,99,9","0,1,99,9",,,,,"00,99,1,99,9,99,9,99999,9,99,9,99,9",,,"9,9,999,9,+013,1",,"SYN004BUFR",
"42367099999","2024-04-15T03:00:00","4","26.4043","80.410119","123.44","KANPUR CHAKERI, IN","FM-12","99999","V020","999,9,C,0000,1","99999,9,9,N","004000,1,9,9","+0298,1","+0190,1","10117,1",,,,,,"99,9,+00800,1,99,9",,,"9,AGL   ,+99999,+99999","06,99,1,99,9,99,9,00800,1,99,9,99,9","240,M,+0388,1","240,N,+0220,1","9,9,999,9,-007,1",,"SYN06842367 32596 60000 10298 20190 40117 333 10388 20220 59007 555 10034=",
"42367099999","2024-04-15T12:00:00","4","26.4043","80.410119","123.44","KANPUR CHAKERI, IN","FM-12","99999","V020","320,1,N,0010,1","22000,1,9,9","004000,1,9,9","+0372,1","+0154,1","10077,1","99,9999,9,9",,,"0,1,99,9","0,1,99,9","99,9,+00600,1,99,9",,,"9,AGL   ,+99999,+99999","02,99,1,99,9,99,9,00600,1,99,9,99,9",,,"9,9,999,9,-010,1",,"SYN004BUFR",
"42367099999","2024-04-19T03:00:00","4","26.4043","80.410119","123.44","KANPUR CHAKERI, IN","FM-12","99999","V020","320,1,N,0010,1","99999,9,9,N","004000,1,9,9","+0324,1","+0158,1","10052,1",,,,,,,,,,,"240,M,+0400,1","240,N,+0248,1","9,9,999,9,-019,1",,"SYN06842367 32996 03202 10324 20158 40052 333 10400 20248 59019 555 10034=",
"42367099999","2024-04-19T12:00:00","4","26.4043","80.410119","123.44","KANPUR CHAKERI, IN","FM-12","99999","V020","050,1,N,0010,1","99999,9,9,N","004000,1,9,9","+0390,1","+0164,1","10023,1",,,,,,,,,,,"240,M,+0402,1",,"9,9,999,9,-009,1",,"SYN05242367 32996 00502 10390 20164 40023 333 10402 59009=",
"42367099999","2024-04-20T03:00:00","4","26.4043","80.410119","123.44","KANPUR CHAKERI, IN","FM-12","99999","V020","320,1,N,0010,1","22000,1,9,N","004000,1,9,9","+0324,1","+0136,1","10042,1",,,,,,,,,"9,AGL   ,+99999,+99999","02,99,1,99,9,99,9,99999,9,99,9,99,9","240,M,+0402,1","240,N,+0240,1","9,9,999,9,-010,1",,"SYN06842367 32996 23202 10324 20136 40042 333 10402 20240 59010 555 10034=",
"42367099999","2024-04-22T03:00:00","4","26.4043","80.410119","123.44","KANPUR CHAKERI, IN","FM-12","99999","V020","230,1,N,0010,1","99999,9,9,N","004000,1,9,9","+0320,1","+0161,1","10067,1",,,,,,,,,,,"240,M,+0372,1","240,N,+0208,1","9,9,999,9,+012,1",,"SYN06842367 32996 02302 10320 20161 40067 333 10372 20208 58012 555 10034=",
"42367099999","2024-04-22T12:00:00","4","26.4043","80.410119","123.44","KANPUR CHAKERI, IN","FM-12","99999","V020","320,1,N,0010,1","99999,9,9,N","004000,1,9,9","+0384,1","+0115,1","10044,1",,,,,,,,,,,"240,M,+0392,1",,"9,9,999,9,+009,1",,"SYN05242367 32996 03202 10384 20115 40044 333 10392 58009=",
"42367099999","2024-04-23T12:00:00","4","26.4043","80.410119","123.44","KANPUR CHAKERI, IN","FM-12","99999","V020","320,1,N,0010,1","22000,1,9,9","004000,1,9,9","+0367,1","+0134,1","10034,1","99,9999,9,9",,,"0,1,99,9","0,1,99,9","99,9,+00600,1,99,9",,,"9,AGL   ,+99999,+99999","02,99,1,99,9,99,9,00600,1,99,9,99,9",,,"9,9,999,9,-011,1",,"SYN004BUFR",
"42367099999","2024-04-26T03:00:00","4","26.4043","80.410119","123.44","KANPUR CHAKERI, IN","FM-12","99999","V020","320,1,N,0010,1","22000,1,9,9","004000,1,9,9","+0332,1","+0152,1","10060,1","99,9999,9,9",,,"0,1,99,9","0,1,99,9",,,,,"00,99,1,99,9,99,9,99999,9,99,9,99,9","120,M,+0404,1","120,N,+0206,1","9,9,999,9,-007,1",,"SYN004BUFR",
"42367099999","2024-04-27T03:00:00","4","26.4043","80.410119","123.44","KANPUR CHAKERI, IN","FM-12","99999","V020","320,1,N,0010,1","99999,9,9,9","004000,1,9,9","+0320,1","+0169,1","10071,1","99,9999,9,9",,,"0,1,99,9","0,1,99,9","99,9,+00600,1,99,9",,,"9,AGL   ,+99999,+99999","06,99,1,99,9,99,9,00600,1,99,9,99,9","120,M,+0420,1","120,N,+0284,1","9,9,999,9,+010,1",,"SYN004BUFR",
"42367099999","2024-04-27T12:00:00","4","26.4043","80.410119","123.44","KANPUR CHAKERI, IN","FM-12","99999","V020","320,1,N,0010,1","99999,9,9,9","004000,1,9,9","+0380,1","+0143,1","10054,1","99,9999,9,9",,,"0,1,99,9","0,1,99,9","99,9,+00600,1,99,9",,,"9,AGL   ,+99999,+99999","06,99,1,99,9,99,9,00600,1,99,9,99,9",,,"9,9,999,9,+020,1",,"SYN004BUFR",
"42367099999","2024-04-28T03:00:00","4","26.4043","80.410119","123.44","KANPUR CHAKERI, IN","FM-12","99999","V020","050,1,N,0010,1","22000,1,9,9","004000,1,9,9","+0335,1","+0172,1","10064,1","99,9999,9,9",,,"0,1,99,9","0,1,99,9",,,,,"00,99,1,99,9,99,9,99999,9,99,9,99,9","120,M,+0388,1","120,N,+0234,1","9,9,999,9,-006,1",,"SYN004BUFR",
"42367099999","2024-04-28T12:00:00","4","26.4043","80.410119","123.44","KANPUR CHAKERI, IN","FM-12","99999","V020","320,1,N,0010,1","22000,1,9,9","004000,1,9,9","+0390,1","+0073,1","10050,1","99,9999,9,9",,,"0,1,99,9","0,1,99,9",,,,,"00,99,1,99,9,99,9,99999,9,99,9,99,9",,,"9,9,999,9,-004,1",,"SYN004BUFR",
"42367099999","2024-04-29T03:00:00","4","26.4043","80.410119","123.44","KANPUR CHAKERI, IN","FM-12","99999","V020","230,1,N,0010,1","22000,1,9,9","004000,1,9,9","+0327,1","+0146,1","10067,1","99,9999,9,9",,,"0,1,99,9","0,1,99,9","99,9,+00600,1,99,9",,,"9,AGL   ,+99999,+99999","04,99,1,99,9,99,9,00600,1,99,9,99,9","120,M,+0402,1","120,N,+0208,1","9,9,999,9,+002,1",,"SYN004BUFR",
"42367099999","2024-04-29T12:00:00","4","26.4043","80.410119","123.44","KANPUR CHAKERI, IN","FM-12","99999","V020","320,1,N,0021,1","22000,1,9,9","004000,1,9,9","+0407,1","+0141,1","10027,1","99,9999,9,9",,,"0,1,99,9","0,1,99,9","99,9,+00600,1,99,9",,,"9,AGL   ,+99999,+99999","04,99,1,99,9,99,9,00600,1,99,9,99,9",,,"9,9,999,9,-022,1",,"SYN004BUFR",
"42367099999","2024-04-30T03:00:00","4","26.4043","80.410119","123.44","KANPUR CHAKERI, IN","FM-12","99999","V020","320,1,N,0021,1","22000,1,9,9","004000,1,9,9","+0310,1","+0147,1","10049,1","99,9999,9,9",,,"0,1,99,9","0,1,99,9",,,,,"00,99,1,99,9,99,9,99999,9,99,9,99,9","120,M,+0418,1","120,N,+0230,1","9,9,999,9,-019,1",,"SYN004BUFR",
"42367099999","2024-04-30T12:00:00","4","26.4043","80.410119","123.44","KANPUR CHAKERI, IN","FM-12","99999","V020","320,1,N,0010,1","22000,1,9,9","004000,1,9,9","+0380,1","+0090,1","10011,1","99,9999,9,9",,,"0,1,99,9","0,1,99,9",,,,,"00,99,1,99,9,99,9,99999,9,99,9,99,9",,,"9,9,999,9,-017,1",,"SYN004BUFR",
"42367099999","2024-05-02T12:00:00","4","26.4043","80.410119","123.44","KANPUR CHAKERI, IN","FM-12","99999","V020","320,1,N,0021,1","22000,1,9,9","004000,1,9,9","+0347,1","+0057,1","10028,1","99,9999,9,9",,,"0,1,99,9","0,1,99,9",,,,,"00,99,1,99,9,99,9,99999,9,99,9,99,9",,,"9,9,999,9,+023,1",,"SYN004BUFR",
"42367099999","2024-05-03T03:00:00","4","26.4043","80.410119","123.44","KANPUR CHAKERI, IN","FM-12","99999","V020","230,1,N,0010,1","22000,1,9,9","004000,1,9,9","+0310,1","+0120,1","10056,1","99,9999,9,9",,,"0,1,99,9","0,1,99,9",,,,,"00,99,1,99,9,99,9,99999,9,99,9,99,9","120,M,+0386,1","120,N,+0186,1","9,9,999,9,+022,1",,"SYN004BUFR",
"42367099999","2024-05-03T12:00:00","4","26.4043","80.410119","123.44","KANPUR CHAKERI, IN","FM-12","99999","V020","320,1,N,0010,1","22000,1,9,9","004000,1,9,9","+0380,1","+0096,1","10031,1","99,9999,9,9",,,"0,1,99,9","0,1,99,9",,,,,"00,99,1,99,9,99,9,99999,9,99,9,99,9",,,"9,9,999,9,+004,1",,"SYN004BUFR",
"42367099999","2024-05-04T03:00:00","4","26.4043","80.410119","123.44","KANPUR CHAKERI, IN","FM-12","99999","V020","230,1,N,0021,1","99999,9,9,9","004000,1,9,9","+0315,1","+0111,1","10065,1","99,9999,9,9",,,"0,1,99,9","0,1,99,9","99,9,+00600,1,99,9",,,"9,AGL   ,+99999,+99999","05,99,1,99,9,99,9,00600,1,99,9,99,9","120,M,+0388,1","120,N,+0220,1","9,9,999,9,+010,1",,"SYN004BUFR",
"42367099999","2024-05-04T12:00:00","4","26.4043","80.410119","123.44","KANPUR CHAKERI, IN","FM-12","99999","V020","320,1,N,0010,1","22000,1,9,9","004000,1,9,9","+0377,1","+0086,1","10034,1","99,9999,9,9",,,"0,1,99,9","0,1,99,9","99,9,+00600,1,99,9",,,"9,AGL   ,+99999,+99999","04,99,1,99,9,99,9,00600,1,99,9,99,9",,,"9,9,999,9,+002,1",,"SYN004BUFR",
"42367099999","2024-05-05T03:00:00","4","26.4043","80.410119","123.44","KANPUR CHAKERI, IN","FM-12","99999","V020","230,1,N,0010,1","22000,1,9,9","004000,1,9,9","+0332,1","+0134,1","10027,1","99,9999,9,9",,,"0,1,99,9","0,1,99,9",,,,,"00,99,1,99,9,99,9,99999,9,99,9,99,9","120,M,+0388,1","120,N,+0206,1","9,9,999,9,-037,1",,"SYN004BUFR",
"42367099999","2024-05-05T12:00:00","4","26.4043","80.410119","123.44","KANPUR CHAKERI, IN","FM-12","99999","V020","320,1,N,0010,1","22000,1,9,9","004000,1,9,9","+0412,1","+0138,1","09984,1","99,9999,9,9",,,"0,1,99,9","0,1,99,9",,,,,"00,99,1,99,9,99,9,99999,9,99,9,99,9",,,"9,9,999,9,-047,1",,"SYN004BUFR",
"42367099999","2024-05-06T03:00:00","4","26.4043","80.410119","123.44","KANPUR CHAKERI, IN","FM-12","99999","V020","050,1,N,0010,1","22000,1,9,9","004000,1,9,9","+0327,1","+0168,1","10033,1","99,9999,9,9",,,"0,1,99,9","0,1,99,9","99,9,+00600,1,99,9",,,"9,AGL   ,+99999,+99999","04,99,1,99,9,99,9,00600,1,99,9,99,9","120,M,+0420,1","120,N,+0234,1","9,9,999,9,+006,1",,"SYN004BUFR",
"42367099999","2024-05-06T12:00:00","4","26.4043","80.410119","123.44","KANPUR CHAKERI, IN","FM-12","99999","V020","320,1,N,0010,1","22000,1,9,9","004000,1,9,9","+0402,1","+0109,1","10024,1","99,9999,9,9",,,"0,1,99,9","0,1,99,9",,,,,"00,99,1,99,9,99,9,99999,9,99,9,99,9",,,"9,9,999,9,+039,1",,"SYN004BUFR",
"42367099999","2024-05-07T03:00:00","4","26.4043","80.410119","123.44","KANPUR CHAKERI, IN","FM-12","99999","V020","140,1,N,0021,1","22000,1,9,9","004000,1,9,9","+0305,1","+0218,1","10062,1","99,9999,9,9",,,"0,1,99,9","0,1,99,9",,,,,"00,99,1,99,9,99,9,99999,9,99,9,99,9","120,M,+0412,1","120,N,+0256,1","9,9,999,9,+027,1",,"SYN004BUFR",
"42367099999","2024-05-07T12:00:00","4","26.4043","80.410119","123.44","KANPUR CHAKERI, IN","FM-12","99999","V020","050,1,N,0010,1","22000,1,9,9","004000,1,9,9","+0376,1","+0205,1","10040,1","99,9999,9,9",,,"0,1,99,9","0,1,99,9",,,,,"00,99,1,99,9,99,9,99999,9,99,9,99,9",,,"9,9,999,9,+014,1",,"SYN004BUFR",
"42367099999","2024-05-08T03:00:00","4","26.4043","80.410119","123.44","KANPUR CHAKERI, IN","FM-12","99999","V020","050,1,N,0021,1","99999,9,9,N","004000,1,9,9","+0254,1","+0195,1","10083,1","24,0000,9,1",,,,,"99,9,+00800,1,99,9",,,"9,AGL   ,+99999,+99999","06,99,1,99,9,99,9,00800,1,99,9,99,9","240,M,+0378,1","240,N,+0240,1","9,9,999,9,+019,1",,"SYN08042367 21596 60504 10254 20195 40083 333 10378 20240 58019 6990/ 555 00000 10034=","Q01  00002PRCP24"
"42367099999","2024-05-08T12:00:00","4","26.4043","80.410119","123.44","KANPUR CHAKERI, IN","FM-12","99999","V020","140,1,N,0010,1","22000,1,9,9","004000,1,9,9","+0342,1","+0194,1","10057,1","99,9999,9,9",,,"0,1,99,9","0,1,99,9","99,9,+00600,1,99,9",,,"9,AGL   ,+99999,+99999","04,99,1,99,9,99,9,00600,1,99,9,99,9",,,"9,9,999,9,+016,1",,"SYN004BUFR",
"42367099999","2024-05-09T03:00:00","4","26.4043","80.410119","123.44","KANPUR CHAKERI, IN","FM-12","99999","V020","140,1,N,0021,1","99999,9,9,N","004000,1,9,9","+0290,1","+0209,1","10063,1",,,,,,,,,,,"240,M,+0344,1","240,N,+0246,1","9,9,999,9,-019,1",,"SYN06842367 32996 01404 10290 20209 40063 333 10344 20246 59019 555 10034=",
"42367099999","2024-05-09T12:00:00","4","26.4043","80.410119","123.44","KANPUR CHAKERI, IN","FM-12","99999","V020","050,1,N,0010,1","22000,1,9,9","004000,1,9,9","+0372,1","+0207,1","10026,1","99,9999,9,9",,,"0,1,99,9","0,1,99,9",,,,,"00,99,1,99,9,99,9,99999,9,99,9,99,9",,,"9,9,999,9,-029,1",,"SYN004BUFR",
"42367099999","2024-05-10T03:00:00","4","26.4043","80.410119","123.44","KANPUR CHAKERI, IN","FM-12","99999","V020","050,1,N,0021,1","22000,1,9,9","004000,1,9,9","+0290,1","+0206,1","10078,1","99,9999,9,9",,,"0,1,99,9","0,1,99,9",,,,,"00,99,1,99,9,99,9,99999,9,99,9,99,9","120,M,+0374,1","120,N,+0256,1","9,9,999,9,+015,1",,"SYN004BUFR",
"42367099999","2024-05-10T12:00:00","4","26.4043","80.410119","123.44","KANPUR CHAKERI, IN","FM-12","99999","V020","050,1,N,0010,1","99999,9,9,N","004000,1,9,9","+0364,1","+0208,1","10038,1",,,,,,,,,,,"240,M,+0368,1",,"9,9,999,9,+011,1",,"SYN05242367 32996 00502 10364 20208 40038 333 10368 58011=",
"42367099999","2024-05-11T03:00:00","4","26.4043","80.410119","123.44","KANPUR CHAKERI, IN","FM-12","99999","V020","090,1,N,0010,1","99999,9,9,N","004000,1,9,9","+0316,1","+0212,1","10094,1",,,,,,"99,9,+00800,1,99,9",,,"9,AGL   ,+99999,+99999","06,99,1,99,9,99,9,00800,1,99,9,99,9","240,M,+0368,1","240,N,+0254,1","9,9,999,9,+017,1",,"SYN06842367 32596 60902 10316 20212 40094 333 10368 20254 58017 555 10034=",
"42367099999","2024-05-11T12:00:00","4","26.4043","80.410119","123.44","KANPUR CHAKERI, IN","FM-12","99999","V020","050,1,N,0010,1","22000,1,9,9","004000,1,9,9","+0355,1","+0224,1","10076,1","99,9999,9,9",,,"0,1,99,9","0,1,99,9",,,,,"00,99,1,99,9,99,9,99999,9,99,9,99,9",,,"9,9,999,9,+037,1",,"SYN004BUFR",
"42367099999","2024-05-12T03:00:00","4","26.4043","80.410119","123.44","KANPUR CHAKERI, IN","FM-12","99999","V020","050,1,N,0010,1","22000,1,9,9","004000,1,9,9","+0300,1","+0210,1","10102,1","99,9999,9,9",,,"0,1,99,9","0,1,99,9",,,,,"00,99,1,99,9,99,9,99999,9,99,9,99,9","120,M,+0356,1","120,N,+0230,1","9,9,999,9,+007,1",,"SYN004BUFR",
"42367099999","2024-05-12T12:00:00","4","26.4043","80.410119","123.44","KANPUR CHAKERI, IN","FM-12","99999","V020","090,1,N,0010,1","22000,1,9,9","004000,1,9,9","+0376,1","+0216,1","10048,1","99,9999,9,9",,,"0,1,99,9","0,1,99,9",,,,,"00,99,1,99,9,99,9,99999,9,99,9,99,9",,,"9,9,999,9,-027,1",,"SYN004BUFR",
"42367099999","2024-05-13T03:00:00","4","26.4043","80.410119","123.44","KANPUR CHAKERI, IN","FM-12","99999","V020","050,1,N,0010,1","22000,1,9,9","004000,1,9,9","+0325,1","+0262,1","10095,1","99,9999,9,9",,,"0,1,99,9","0,1,99,9",,,,,"00,99,1,99,9,99,9,99999,9,99,9,99,9","120,M,+0378,1","120,N,+0284,1","9,9,999,9,-006,1",,"SYN004BUFR",
"42367099999","2024-05-13T12:00:00","4","26.4043","80.410119","123.44","KANPUR CHAKERI, IN","FM-12","99999","V020","050,1,N,0010,1","22000,1,9,9","004000,1,9,9","+0375,1","+0210,1","10072,1","99,9999,9,9",,,"0,1,99,9","0,1,99,9",,,,,"00,99,1,99,9,99,9,99999,9,99,9,99,9",,,"9,9,999,9,+024,1",,"SYN004BUFR",
"42367099999","2024-05-14T03:00:00","4","26.4043","80.410119","123.44","KANPUR CHAKERI, IN","FM-12","99999","V020","050,1,N,0010,1","22000,1,9,9","004000,1,9,9","+0327,1","+0239,1","10096,1","99,9999,9,9",,,"0,1,99,9","0,1,99,9","99,9,+00600,1,99,9",,,"9,AGL   ,+99999,+99999","02,99,1,99,9,99,9,00600,1,99,9,99,9","120,M,+0388,1","120,N,+0250,1","9,9,999,9,+001,1",,"SYN004BUFR",
"42367099999","2024-05-14T12:00:00","4","26.4043","80.410119","123.44","KANPUR CHAKERI, IN","FM-12","99999","V020","320,1,N,0010,1","99999,9,9,N","004000,1,9,9","+0404,1","+0167,1","10060,1",,,,,,,,,,,"240,M,+0410,1",,"9,9,999,9,-010,1",,"SYN05242367 32996 03202 10404 20167 40060 333 10410 59010=",
"42367099999","2024-05-15T03:00:00","4","26.4043","80.410119","123.44","KANPUR CHAKERI, IN","FM-12","99999","V020","320,1,N,0010,1","22000,1,9,9","004000,1,9,9","+0337,1","+0177,1","10091,1","99,9999,9,9",,,"0,1,99,9","0,1,99,9",,,,,"00,99,1,99,9,99,9,99999,9,99,9,99,9","120,M,+0410,1","120,N,+0256,1","9,9,999,9,-004,1",,"SYN004BUFR",
"42367099999","2024-05-15T12:00:00","4","26.4043","80.410119","123.44","KANPUR CHAKERI, IN","FM-12","99999","V020","999,9,C,0000,1","22000,1,9,9","004000,1,9,9","+0410,1","+0163,1","10070,1","99,9999,9,9",,,"0,1,99,9","0,1,99,9",,,,,"00,99,1,99,9,99,9,99999,9,99,9,99,9",,,"9,9,999,9,-010,1",,"SYN004BUFR",
"42367099999","2024-05-16T03:00:00","4","26.4043","80.410119","123.44","KANPUR CHAKERI, IN","FM-12","99999","V020","999,9,C,0000,1","22000,1,9,9","004000,1,9,9","+0340,1","+0208,1","10092,1","99,9999,9,9",,,"0,1,99,9","0,1,99,9",,,,,"00,99,1,99,9,99,9,99999,9,99,9,99,9","120,M,+0418,1","120,N,+0250,1","9,9,999,9,+001,1",,"SYN004BUFR",
"42367099999","2024-05-16T12:00:00","4","26.4043","80.410119","123.44","KANPUR CHAKERI, IN","FM-12","99999","V020","320,1,N,0010,1","22000,1,9,9","004000,1,9,9","+0422,1","+0140,1","10027,1","99,9999,9,9",,,"0,1,99,9","0,1,99,9",,,,,"00,99,1,99,9,99,9,99999,9,99,9,99,9",,,"9,9,999,9,-042,1",,"SYN004BUFR",
"42367099999","2024-05-17T03:00:00","4","26.4043","80.410119","123.44","KANPUR CHAKERI, IN","FM-12","99999","V020","230,1,N,0010,1","22000,1,9,9","004000,1,9,9","+0336,1","+0197,1","10058,1","99,9999,9,9",,,"0,1,99,9","0,1,99,9","99,9,+04000,1,99,9",,,"9,AGL   ,+99999,+99999","04,99,1,99,9,99,9,04000,1,99,9,99,9","120,M,+0424,1","120,N,+0240,1","9,9,999,9,-033,1",,"SYN004BUFR",
"42367099999","2024-05-17T12:00:00","4","26.4043","80.410119","123.44","KANPUR CHAKERI, IN","FM-12","99999","V020","999,9,C,0000,1","22000,1,9,9","004000,1,9,9","+0417,1","+0148,1","10017,1","99,9999,9,9",,,"0,1,99,9","0,1,99,9","99,9,+00600,1,99,9",,,"9,AGL   ,+99999,+99999","02,99,1,99,9,99,9,00600,1,99,9,99,9",,,"9,9,999,9,-010,1",,"SYN004BUFR",
"42367099999","2024-05-18T03:00:00","4","26.4043","80.410119","123.44","KANPUR CHAKERI, IN","FM-12","99999","V020","230,1,N,0010,1","22000,1,9,9","004000,1,9,9","+0357,1","+0204,1","10029,1","99,9999,9,9",,,"0,1,99,9","0,1,99,9","99,9,+00600,1,99,9",,,"9,AGL   ,+99999,+99999","02,99,1,99,9,99,9,00600,1,99,9,99,9","120,M,+0426,1","120,N,+0278,1","9,9,999,9,-028,1",,"SYN004BUFR",
"42367099999","2024-05-18T12:00:00","4","26.4043","80.410119","123.44","KANPUR CHAKERI, IN","FM-12","99999","V020","320,1,N,0010,1","99999,9,9,N","004000,1,9,9","+0440,1","+0108,1","10070,1",,,,,,,,,,,"240,M,+0448,1",,"9,9,999,9,+053,1",,"SYN05242367 32996 03202 10440 20108 40070 333 10448 58053=",
"42367099999","2024-05-19T03:00:00","4","26.4043","80.410119","123.44","KANPUR CHAKERI, IN","FM-12","99999","V020","230,1,N,0010,1","22000,1,9,N","004000,1,9,9","+0378,1","+0184,1","10002,1",,,,,,"99,9,+00800,1,99,9",,,"9,AGL   ,+99999,+99999","02,99,1,99,9,99,9,00800,1,99,9,99,9","240,M,+0448,1","240,N,+0276,1","9,9,999,9,-026,1",,"SYN06842367 32596 22302 10378 20184 40002 333 10448 20276 59026 555 10034=",
"42367099999","2024-05-19T12:00:00","4","26.4043","80.410119","123.44","KANPUR CHAKERI, IN","FM-12","99999","V020","320,1,N,0010,1","22000,1,9,9","004000,1,9,9","+0440,1","+0136,1","09953,1","99,9999,9,9",,,"0,1,99,9","0,1,99,9",,,,,"00,99,1,99,9,99,9,99999,9,99,9,99,9",,,"9,9,999,9,-017,1",,"SYN004BUFR",
"42367099999","2024-05-20T03:00:00","4","26.4043","80.410119","123.44","KANPUR CHAKERI, IN","FM-12","99999","V020","140,1,N,0010,1","22000,1,9,9","004000,1,9,9","+0346,1","+0244,1","10010,1","99,9999,9,9",,,"0,1,99,9","0,1,99,9",,,,,"00,99,1,99,9,99,9,99999,9,99,9,99,9","120,M,+0448,1","120,N,+0300,1","9,9,999,9,+007,1",,"SYN004BUFR",
"42367099999","2024-05-21T03:00:00","4","26.4043","80.410119","123.44","KANPUR CHAKERI, IN","FM-12","99999","V020","140,1,N,0021,1","22000,1,9,9","004000,1,9,9","+0317,1","+0225,1","10027,1","99,9999,9,9",,,"0,1,99,9","0,1,99,9",,,,,"00,99,1,99,9,99,9,99999,9,99,9,99,9","120,M,+0438,1","120,N,+0278,1","9,9,999,9,+015,1",,"SYN004BUFR",
"42367099999","2024-05-21T12:00:00","4","26.4043","80.410119","123.44","KANPUR CHAKERI, IN","FM-12","99999","V020","050,1,N,0010,1","22000,1,9,9","004000,1,9,9","+0396,1","+0216,1","09998,1","99,9999,9,9",,,"0,1,99,9","0,1,99,9",,,,,"00,99,1,99,9,99,9,99999,9,99,9,99,9",,,"9,9,999,9,-066,1",,"SYN004BUFR",
"42367099999","2024-05-22T03:00:00","4","26.4043","80.410119","123.44","KANPUR CHAKERI, IN","FM-12","99999","V020","140,1,N,0021,1","22000,1,9,9","004000,1,9,9","+0335,1","+0246,1","10036,1","99,9999,9,9",,,"0,1,99,9","0,1,99,9",,,,,"00,99,1,99,9,99,9,99999,9,99,9,99,9","120,M,+0398,1","120,N,+0290,1","9,9,999,9,+010,1",,"SYN004BUFR",
"42367099999","2024-05-22T12:00:00","4","26.4043","80.410119","123.44","KANPUR CHAKERI, IN","FM-12","99999","V020","140,1,N,0010,1","22000,1,9,9","004000,1,9,9","+0396,1","+0227,1","09986,1","99,9999,9,9",,,"0,1,99,9","0,1,99,9",,,,,"00,99,1,99,9,99,9,99999,9,99,9,99,9",,,"9,9,999,9,-011,1",,"SYN004BUFR",
"42367099999","2024-05-23T03:00:00","4","26.4043","80.410119","123.44","KANPUR CHAKERI, IN","FM-12","99999","V020","140,1,N,0021,1","22000,1,9,9","004000,1,9,9","+0325,1","+0232,1","10026,1","99,9999,9,9",,,"0,1,99,9","0,1,99,9",,,,,"00,99,1,99,9,99,9,99999,9,99,9,99,9","120,M,+0400,1","120,N,+0286,1","9,9,999,9,-010,1",,"SYN004BUFR",
"42367099999","2024-05-23T12:00:00","4","26.4043","80.410119","123.44","KANPUR CHAKERI, IN","FM-12","99999","V020","050,1,N,0010,1","22000,1,9,9","004000,1,9,9","+0380,1","+0225,1","10010,1","99,9999,9,9",,,"0,1,99,9","0,1,99,9",,,,,"00,99,1,99,9,99,9,99999,9,99,9,99,9",,,"9,9,999,9,+023,1",,"SYN004BUFR",
"42367099999","2024-05-24T03:00:00","4","26.4043","80.410119","123.44","KANPUR CHAKERI, IN","FM-12","99999","V020","140,1,N,0021,1","22000,1,9,9","004000,1,9,9","+0335,1","+0256,1","10023,1","99,9999,9,9",,,"0,1,99,9","0,1,99,9",,,,,"00,99,1,99,9,99,9,99999,9,99,9,99,9","120,M,+0384,1","120,N,+0284,1","9,9,999,9,-003,1",,"SYN004BUFR",
"42367099999","2024-05-24T12:00:00","4","26.4043","80.410119","123.44","KANPUR CHAKERI, IN","FM-12","99999","V020","140,1,N,0010,1","22000,1,9,9","004000,1,9,9","+0392,1","+0233,1","09981,1","99,9999,9,9",,,"0,1,99,9","0,1,99,9","99,9,+00600,1,99,9",,,"9,AGL   ,+99999,+99999","02,99,1,99,9,99,9,00600,1,99,9,99,9",,,"9,9,999,9,-028,1",,"SYN004BUFR",
"42367099999","2024-05-25T03:00:00","4","26.4043","80.410119","123.44","KANPUR CHAKERI, IN","FM-12","99999","V020","050,1,N,0010,1","99999,9,9,N","004000,1,9,9","+0364,1","+0252,1","09996,1",,,,,,,,,,,"240,M,+0392,1","240,N,+0284,1","9,9,999,9,-025,1",,"SYN06842367 32996 00502 10364 20252 49996 333 10392 20284 59025 555 10034=",
"42367099999","2024-05-25T12:00:00","4","26.4043","80.410119","123.44","KANPUR CHAKERI, IN","FM-12","99999","V020","320,1,N,0010,1","22000,1,9,9","004000,1,9,9","+0416,1","+0181,1","09968,1","99,9999,9,9",,,"0,1,99,9","0,1,99,9",,,,,"00,99,1,99,9,99,9,99999,9,99,9,99,9",,,"9,9,999,9,-012,1",,"SYN004BUFR",
"42367099999","2024-05-26T03:00:00","4","26.4043","80.410119","123.44","KANPUR CHAKERI, IN","FM-12","99999","V020","140,1,N,0010,1","22000,1,9,9","004000,1,9,9","+0372,1","+0232,1","09983,1","99,9999,9,9",,,"0,1,99,9","0,1,99,9",,,,,"00,99,1,99,9,99,9,99999,9,99,9,99,9","120,M,+0416,1","120,N,+0286,1","9,9,999,9,-014,1",,"SYN004BUFR",
"42367099999","2024-05-26T12:00:00","4","26.4043","80.410119","123.44","KANPUR CHAKERI, IN","FM-12","99999","V020","320,1,N,0010,1","22000,1,9,9","004000,1,9,9","+0442,1","+0112,1","09939,1","99,9999,9,9",,,"0,1,99,9","0,1,99,9",,,,,"00,99,1,99,9,99,9,99999,9,99,9,99,9",,,"9,9,999,9,-027,1",,"SYN004BUFR",
"42367099999","2024-05-27T03:00:00","4","26.4043","80.410119","123.44","KANPUR CHAKERI, IN","FM-12","99999","V020","140,1,N,0010,1","99999,9,9,N","004000,1,9,9","+0374,1","+0224,1","09959,1",,,,,,,,,,,"240,M,+0442,1","240,N,+0288,1","9,9,999,9,-022,1",,"SYN06842367 32996 01402 10374 20224 49959 333 10442 20288 59022 555 10034=",
"42367099999","2024-05-27T12:00:00","4","26.4043","80.410119","123.44","KANPUR CHAKERI, IN","FM-12","99999","V020","050,1,N,0010,1","22000,1,9,9","004000,1,9,9","+0440,1","+0146,1","09933,1","99,9999,9,9",,,"0,1,99,9","0,1,99,9",,,,,"00,99,1,99,9,99,9,99999,9,99,9,99,9",,,"9,9,999,9,-006,1",,"SYN004BUFR",
"42367099999","2024-05-28T03:00:00","4","26.4043","80.410119","123.44","KANPUR CHAKERI, IN","FM-12","99999","V020","140,1,N,0010,1","22000,1,9,9","004000,1,9,9","+0357,1","+0228,1","09930,1","99,9999,9,9",,,"0,1,99,9","0,1,99,9",,,,,"00,99,1,99,9,99,9,99999,9,99,9,99,9","120,M,+0450,1","120,N,+0292,1","9,9,999,9,-030,1",,"SYN004BUFR",
"42367099999","2024-05-28T12:00:00","4","26.4043","80.410119","123.44","KANPUR CHAKERI, IN","FM-12","99999","V020","050,1,N,0010,1","22000,1,9,9","004000,1,9,9","+0445,1","+0163,1","09909,1","99,9999,9,9",,,"0,1,99,9","0,1,99,9",,,,,"00,99,1,99,9,99,9,99999,9,99,9,99,9",,,"9,9,999,9,-024,1",,"SYN004BUFR",
"42367099999","2024-05-29T03:00:00","4","26.4043","80.410119","123.44","KANPUR CHAKERI, IN","FM-12","99999","V020","140,1,N,0010,1","22000,1,9,9","004000,1,9,9","+0390,1","+0216,1","09940,1","99,9999,9,9",,,"0,1,99,9","0,1,99,9",,,,,"00,99,1,99,9,99,9,99999,9,99,9,99,9","120,M,+0452,1","120,N,+0298,1","9,9,999,9,+011,1",,"SYN004BUFR",
"42367099999","2024-05-29T12:00:00","4","26.4043","80.410119","123.44","KANPUR CHAKERI, IN","FM-12","99999","V020","320,1,N,0010,1","22000,1,9,9","004000,1,9,9","+0450,1","+0182,1","09917,1","99,9999,9,9",,,"0,1,99,9","0,1,99,9",,,,,"00,99,1,99,9,99,9,99999,9,99,9,99,9",,,"9,9,999,9,+008,1",,"SYN004BUFR",
"42367099999","2024-05-30T03:00:00","4","26.4043","80.410119","123.44","KANPUR CHAKERI, IN","FM-12","99999","V020","230,1,N,0010,1","99999,9,9,9","004000,1,9,9","+0395,1","+0195,1","09964,1","99,9999,9,9",,,"0,1,99,9","0,1,99,9","99,9,+00600,1,99,9",,,"9,AGL   ,+99999,+99999","06,99,1,99,9,99,9,00600,1,99,9,99,9","120,M,+0468,1","120,N,+0306,1","9,9,999,9,+025,1",,"SYN004BUFR",
"42367099999","2024-05-30T12:00:00","4","26.4043","80.410119","123.44","KANPUR CHAKERI, IN","FM-12","99999","V020","999,9,C,0000,1","99999,9,9,N","004000,1,9,9","+0440,1","+0161,1","09939,1",,,,,,,,,,,"240,M,+0442,1",,"9,9,999,9,+022,1",,"SYN05242367 32996 00000 10440 20161 49939 333 10442 58022=",
"42367099999","2024-05-31T03:00:00","4","26.4043","80.410119","123.44","KANPUR CHAKERI, IN","FM-12","99999","V020","230,1,N,0010,1","99999,9,9,N","004000,1,9,9","+0386,1","+0195,1","09992,1",,,,,,,,,,,"240,M,+0442,1","240,N,+0278,1","9,9,999,9,+023,1",,"SYN06842367 32996 02302 10386 20195 49992 333 10442 20278 58023 555 10034=",
"42367099999","2024-05-31T12:00:00","4","26.4043","80.410119","123.44","KANPUR CHAKERI, IN","FM-12","99999","V020","999,9,C,0000,1","22000,1,9,9","004000,1,9,9","+0452,1","+0114,1","09962,1","99,9999,9,9",,,"0,1,99,9","0,1,99,9",,,,,"00,99,1,99,9,99,9,99999,9,99,9,99,9",,,"9,9,999,9,+022,1",,"SYN004BUFR",
"42367099999","2024-06-01T03:00:00","4","26.4043","80.410119","123.44","KANPUR CHAKERI, IN","FM-12","99999","V020","140,1,N,0021,1","22000,1,9,9","004000,1,9,9","+0357,1","+0252,1","10006,1","99,9999,9,9",,,"0,1,99,9","0,1,99,9","99,9,+04000,1,99,9",,,"9,AGL   ,+99999,+99999","02,99,1,99,9,99,9,04000,1,99,9,99,9","120,M,+0462,1","120,N,+0304,1","9,9,999,9,+013,1",,"SYN004BUFR",
"42367099999","2024-06-01T12:00:00","4","26.4043","80.410119","123.44","KANPUR CHAKERI, IN","FM-12","99999","V020","050,1,N,0010,1","22000,1,9,9","004000,1,9,9","+0436,1","+0182,1","09970,1","99,9999,9,9",,,"0,1,99,9","0,1,99,9",,,,,"00,99,1,99,9,99,9,99999,9,99,9,99,9",,,"9,9,999,9,+008,1",,"SYN004BUFR",
"42367099999","2024-06-02T03:00:00","4","26.4043","80.410119","123.44","KANPUR CHAKERI, IN","FM-12","99999","V020","050,1,N,0010,1","99999,9,9,9","004000,1,9,9","+0337,1","+0189,1","10029,1","99,9999,9,9",,,"0,1,99,9","0,1,99,9","99,9,+00600,1,99,9",,,"9,AGL   ,+99999,+99999","05,99,1,99,9,99,9,00600,1,99,9,99,9","120,M,+0440,1","120,N,+0304,1","9,9,999,9,+022,1",,"SYN004BUFR",
"42367099999","2024-06-02T12:00:00","4","26.4043","80.410119","123.44","KANPUR CHAKERI, IN","FM-12","99999","V020","320,1,N,0010,1","22000,1,9,9","004000,1,9,9","+0426,1","+0137,1","09991,1","99,9999,9,9",,,"0,1,99,9","0,1,99,9","99,9,+00600,1,99,9",,,"9,AGL   ,+99999,+99999","02,99,1,99,9,99,9,00600,1,99,9,99,9",,,"9,9,999,9,+020,1",,"SYN004BUFR",
"42367099999","2024-06-03T03:00:00","4","26.4043","80.410119","123.44","KANPUR CHAKERI, IN","FM-12","99999","V020","140,1,N,0010,1","22000,1,9,9","004000,1,9,9","+0357,1","+0211,1","10022,1","99,9999,9,9",,,"0,1,99,9","0,1,99,9",,,,,"00,99,1,99,9,99,9,99999,9,99,9,99,9","120,M,+0430,1","120,N,+0276,1","9,9,999,9,-006,1",,"SYN004BUFR",
"42367099999","2024-06-03T12:00:00","4","26.4043","80.410119","123.44","KANPUR CHAKERI, IN","FM-12","99999","V020","320,1,N,0010,1","99999,9,9,N","004000,1,9,9","+0438,1","+0127,1","09997,1",,,,,,,,,,,"240,M,+0440,1",,"9,9,999,9,+007,1",,"SYN05242367 32996 03202 10438 20127 49997 333 10440 58007=",
"42367099999","2024-06-04T03:00:00","4","26.4043","80.410119","123.44","KANPUR CHAKERI, IN","FM-12","99999","V020","230,1,N,0010,1","22000,1,9,9","004000,1,9,9","+0350,1","+0201,1","10019,1","99,9999,9,9",,,"0,1,99,9","0,1,99,9","99,9,+00600,1,99,9",,,"9,AGL   ,+99999,+99999","04,99,1,99,9,99,9,00600,1,99,9,99,9","120,M,+0440,1","120,N,+0274,1","9,9,999,9,-003,1",,"SYN004BUFR",
"42367099999","2024-06-04T12:00:00","4","26.4043","80.410119","123.44","KANPUR CHAKERI, IN","FM-12","99999","V020","320,1,N,0010,1","22000,1,9,9","004000,1,9,9","+0426,1","+0142,1","09995,1","99,9999,9,9",,,"0,1,99,9","0,1,99,9",,,,,"00,99,1,99,9,99,9,99999,9,99,9,99,9",,,"9,9,999,9,-003,1",,"SYN004BUFR",
"42367099999","2024-06-05T03:00:00","4","26.4043","80.410119","123.44","KANPUR CHAKERI, IN","FM-12","99999","V020","140,1,N,0021,1","22000,1,9,9","004000,1,9,9","+0340,1","+0240,1","10038,1","99,9999,9,9",,,"0,1,99,9","0,1,99,9","99,9,+00600,1,99,9",,,"9,AGL   ,+99999,+99999","04,99,1,99,9,99,9,00600,1,99,9,99,9","120,M,+0434,1","120,N,+0306,1","9,9,999,9,+018,1",,"SYN004BUFR",
"42367099999","2024-06-05T12:00:00","4","26.4043","80.410119","123.44","KANPUR CHAKERI, IN","FM-12","99999","V020","320,1,N,0010,1","22000,1,9,9","004000,1,9,9","+0430,1","+0149,1","09995,1","99,9999,9,9",,,"0,1,99,9","0,1,99,9",,,,,"00,99,1,99,9,99,9,99999,9,99,9,99,9",,,"9,9,999,9,+001,1",,"SYN004BUFR",
"42367099999","2024-06-06T03:00:00","4","26.4043","80.410119","123.44","KANPUR CHAKERI, IN","FM-12","99999","V020","140,1,N,0010,1","22000,1,9,9","004000,1,9,9","+0332,1","+0196,1","10044,1","99,9999,9,9",,,"0,1,99,9","0,1,99,9","99,9,+00600,1,99,9",,,"9,AGL   ,+99999,+99999","04,99,1,99,9,99,9,00600,1,99,9,99,9","120,M,+0434,1","120,N,+0240,1","9,9,999,9,+006,1",,"SYN004BUFR",
"42367099999","2024-06-06T12:00:00","4","26.4043","80.410119","123.44","KANPUR CHAKERI, IN","FM-12","99999","V020","320,1,N,0010,1","22000,1,9,9","004000,1,9,9","+0395,1","+0202,1","10026,1","99,9999,9,9",,,"0,1,99,9","0,1,99,9",,,,,"00,99,1,99,9,99,9,99999,9,99,9,99,9",,,"9,9,999,9,+028,1",,"SYN004BUFR",
"42367099999","2024-06-07T03:00:00","4","26.4043","80.410119","123.44","KANPUR CHAKERI, IN","FM-12","99999","V020","320,1,N,0010,1","22000,1,9,9","004000,1,9,9","+0347,1","+0205,1","10026,1","99,9999,9,9",,,"0,1,99,9","0,1,99,9",,,,,"00,99,1,99,9,99,9,99999,9,99,9,99,9","120,M,+0398,1","120,N,+0274,1","9,9,999,9,-017,1",,"SYN004BUFR",
"42367099999","2024-06-07T12:00:00","4","26.4043","80.410119","123.44","KANPUR CHAKERI, IN","FM-12","99999","V020","320,1,N,0010,1","22000,1,9,9","004000,1,9,9","+0430,1","+0135,1","09999,1","99,9999,9,9",,,"0,1,99,9","0,1,99,9",,,,,"00,99,1,99,9,99,9,99999,9,99,9,99,9",,,"9,9,999,9,+024,1",,"SYN004BUFR",
"42367099999","2024-06-08T03:00:00","4","26.4043","80.410119","123.44","KANPUR CHAKERI, IN","FM-12","99999","V020","320,1,N,0010,1","99999,9,9,N","004000,1,9,9","+0366,1","+0171,1","10011,1",,,,,,,,,,,"240,M,+0436,1","240,N,+0290,1","9,9,999,9,-014,1",,"SYN06842367 32996 03202 10366 20171 40011 333 10436 20290 59014 555 10000=",
"42367099999","2024-06-08T12:00:00","4","26.4043","80.410119","123.44","KANPUR CHAKERI, IN","FM-12","99999","V020","320,1,N,0010,1","22000,1,9,9","004000,1,9,9","+0430,1","+0149,1","09999,1","99,9999,9,9",,,"0,1,99,9","0,1,99,9",,,,,"00,99,1,99,9,99,9,99999,9,99,9,99,9",,,"9,9,999,9,+000,1",,"SYN004BUFR",
"42367099999","2024-06-09T12:00:00","4","26.4043","80.410119","123.44","KANPUR CHAKERI, IN","FM-12","99999","V020","320,1,N,0010,1","22000,1,9,9","004000,1,9,9","+0430,1","+0135,1","09991,1","99,9999,9,9",,,"0,1,99,9","0,1,99,9",,,,,"00,99,1,99,9,99,9,99999,9,99,9,99,9",,,"9,9,999,9,+002,1",,"SYN004BUFR",
"42367099999","2024-06-10T03:00:00","4","26.4043","80.410119","123.44","KANPUR CHAKERI, IN","FM-12","99999","V020","320,1,N,0010,1","22000,1,9,9","004000,1,9,9","+0372,1","+0145,1","10007,1","99,9999,9,9",,,"0,1,99,9","0,1,99,9",,,,,"00,99,1,99,9,99,9,99999,9,99,9,99,9","120,M,+0436,1","120,N,+0250,1","9,9,999,9,+003,1",,"SYN004BUFR",
"42367099999","2024-06-10T12:00:00","4","26.4043","80.410119","123.44","KANPUR CHAKERI, IN","FM-12","99999","V020","320,1,N,0010,1","22000,1,9,9","004000,1,9,9","+0410,1","+0113,1","09997,1","99,9999,9,9",,,"0,1,99,9","0,1,99,9","99,9,+00600,1,99,9",,,"9,AGL   ,+99999,+99999","04,99,1,99,9,99,9,00600,1,99,9,99,9",,,"9,9,999,9,+005,1",,"SYN004BUFR",
"42367099999","2024-06-11T03:00:00","4","26.4043","80.410119","123.44","KANPUR CHAKERI, IN","FM-12","99999","V020","320,1,N,0010,1","99999,9,9,9","004000,1,9,9","+0377,1","+0184,1","10003,1","99,9999,9,9",,,"0,1,99,9","0,1,99,9","99,9,+00600,1,99,9",,,"9,AGL   ,+99999,+99999","06,99,1,99,9,99,9,00600,1,99,9,99,9","120,M,+0436,1","120,N,+0324,1","9,9,999,9,-004,1",,"SYN004BUFR",
"42367099999","2024-06-11T12:00:00","4","26.4043","80.410119","123.44","KANPUR CHAKERI, IN","FM-12","99999","V020","320,1,N,0021,1","22000,1,9,9","004000,1,9,9","+0430,1","+0073,1","09983,1","99,9999,9,9",,,"0,1,99,9","0,1,99,9",,,,,"00,99,1,99,9,99,9,99999,9,99,9,99,9",,,"9,9,999,9,-013,1",,"SYN004BUFR",
"42367099999","2024-06-12T03:00:00","4","26.4043","80.410119","123.44","KANPUR CHAKERI, IN","FM-12","99999","V020","320,1,N,0010,1","99999,9,9,N","004000,1,9,9","+0380,1","+0166,1","10004,1",,,,,,,,,,,"240,M,+0440,1","240,N,+0300,1","9,9,999,9,+001,1",,"SYN06842367 32996 03202 10380 20166 40004 333 10440 20300 58001 555 10000=",
"42367099999","2024-06-12T12:00:00","4","26.4043","80.410119","123.44","KANPUR CHAKERI, IN","FM-12","99999","V020","320,1,N,0010,1","22000,1,9,9","004000,1,9,9","+0442,1","+0139,1","09972,1","99,9999,9,9",,,"0,1,99,9","0,1,99,9",,,,,"00,99,1,99,9,99,9,99999,9,99,9,99,9",,,"9,9,999,9,-012,1",,"SYN004BUFR",
"42367099999","2024-06-13T03:00:00","4","26.4043","80.410119","123.44","KANPUR CHAKERI, IN","FM-12","99999","V020","320,1,N,0031,1","22000,1,9,9","004000,1,9,9","+0377,1","+0184,1","09991,1","99,9999,9,9",,,"0,1,99,9","0,1,99,9",,,,,"00,99,1,99,9,99,9,99999,9,99,9,99,9","120,M,+0448,1","120,N,+0308,1","9,9,999,9,-013,1",,"SYN004BUFR",
"42367099999","2024-06-13T12:00:00","4","26.4043","80.410119","123.44","KANPUR CHAKERI, IN","FM-12","99999","V020","320,1,N,0010,1","22000,1,9,9","004000,1,9,9","+0442,1","+0172,1","09971,1","99,9999,9,9",,,"0,1,99,9","0,1,99,9","99,9,+00600,1,99,9",,,"9,AGL   ,+99999,+99999","04,99,1,99,9,99,9,00600,1,99,9,99,9",,,"9,9,999,9,-001,1",,"SYN004BUFR",
"42367099999","2024-06-14T12:00:00","4","26.4043","80.410119","123.44","KANPUR CHAKERI, IN","FM-12","99999","V020","320,1,N,0010,1","22000,1,9,9","004000,1,9,9","+0446,1","+0136,1","09959,1","99,9999,9,9",,,"0,1,99,9","0,1,99,9",,,,,"00,99,1,99,9,99,9,99999,9,99,9,99,9",,,"9,9,999,9,-010,1",,"SYN004BUFR",
"42367099999","2024-06-15T03:00:00","4","26.4043","80.410119","123.44","KANPUR CHAKERI, IN","FM-12","99999","V020","270,1,N,0021,1","22000,1,9,9","004000,1,9,9","+0377,1","+0192,1","09992,1","99,9999,9,9",,,"0,1,99,9","0,1,99,9",,,,,"00,99,1,99,9,99,9,99999,9,99,9,99,9","120,M,+0452,1","120,N,+0315,1","9,9,999,9,+011,1",,"SYN004BUFR",
"42367099999","2024-06-15T12:00:00","4","26.4043","80.410119","123.44","KANPUR CHAKERI, IN","FM-12","99999","V020","320,1,N,0010,1","99999,9,9,N","004000,1,9,9","+0440,1","+0151,1","09971,1",,,,,,,,,,,"240,M,+0458,1",,"9,9,999,9,+011,1",,"SYN05242367 32996 03202 10440 20151 49971 333 10458 58011=",
"42367099999","2024-06-16T12:00:00","4","26.4043","80.410119","123.44","KANPUR CHAKERI, IN","FM-12","99999","V020","320,1,N,0010,1","22000,1,9,9","004000,1,9,9","+0447,1","+0150,1","09968,1","99,9999,9,9",,,"0,1,99,9","0,1,99,9",,,,,"00,99,1,99,9,99,9,99999,9,99,9,99,9",,,"9,9,999,9,-003,1",,"SYN004BUFR",
"42367099999","2024-06-17T12:00:00","4","26.4043","80.410119","123.44","KANPUR CHAKERI, IN","FM-12","99999","V020","320,1,N,0010,1","22000,1,9,9","004000,1,9,9","+0450,1","+0163,1","09956,1","99,9999,9,9",,,"0,1,99,9","0,1,99,9",,,,,"00,99,1,99,9,99,9,99999,9,99,9,99,9",,,"9,9,999,9,-011,1",,"SYN004BUFR",
"42367099999","2024-06-18T03:00:00","4","26.4043","80.410119","123.44","KANPUR CHAKERI, IN","FM-12","99999","V020","230,1,N,0031,1","99999,9,9,9","004000,1,9,9","+0370,1","+0233,1","09970,1","99,9999,9,9",,,"0,1,99,9","0,1,99,9","99,9,+00600,1,99,9",,,"9,AGL   ,+99999,+99999","05,99,1,99,9,99,9,00600,1,99,9,99,9","120,M,+0458,1","120,N,+0310,1","9,9,999,9,-016,1",,"SYN004BUFR",
"42367099999","2024-06-18T12:00:00","4","26.4043","80.410119","123.44","KANPUR CHAKERI, IN","FM-12","99999","V020","320,1,N,0010,1","22000,1,9,9","004000,1,9,9","+0440,1","+0179,1","09941,1","99,9999,9,9",,,"0,1,99,9","0,1,99,9","99,9,+00600,1,99,9",,,"9,AGL   ,+99999,+99999","02,99,1,99,9,99,9,00600,1,99,9,99,9",,,"9,9,999,9,-015,1",,"SYN004BUFR",
"42367099999","2024-06-19T03:00:00","4","26.4043","80.410119","123.44","KANPUR CHAKERI, IN","FM-12","99999","V020","230,1,N,0031,1","22000,1,9,9","004000,1,9,9","+0346,1","+0224,1","09965,1","99,9999,9,9",,,"0,1,99,9","0,1,99,9","99,9,+00600,1,99,9",,,"9,AGL   ,+99999,+99999","04,99,1,99,9,99,9,00600,1,99,9,99,9","120,M,+0452,1","120,N,+0300,1","9,9,999,9,-006,1",,"SYN004BUFR",
"42367099999","2024-06-19T12:00:00","4","26.4043","80.410119","123.44","KANPUR CHAKERI, IN","FM-12","99999","V020","320,1,N,0010,1","22000,1,9,9","004000,1,9,9","+0432,1","+0213,1","09943,1","99,9999,9,9",,,"0,1,99,9","0,1,99,9",,,,,"00,99,1,99,9,99,9,99999,9,99,9,99,9",,,"9,9,999,9,+001,1",,"SYN004BUFR",
"42367099999","2024-06-20T03:00:00","4","26.4043","80.410119","123.44","KANPUR CHAKERI, IN","FM-12","99999","V020","140,1,N,0021,1","99999,9,9,N","004000,1,9,9","+0292,1","+0234,1","09977,1","24,0020,3,1",,,,,"99,9,+00800,1,99,9",,,"9,AGL   ,+99999,+99999","08,99,1,99,9,99,9,00800,1,99,9,99,9","240,M,+0438,1","240,N,+0258,1","9,9,999,9,+010,1",,"SYN08042367 21596 81404 10292 20234 49977 333 10438 20258 58010 6002/ 555 00024 10002=",
"42367099999","2024-06-20T12:00:00","4","26.4043","80.410119","123.44","KANPUR CHAKERI, IN","FM-12","99999","V020","050,1,N,0010,1","22000,1,9,9","004000,1,9,9","+0380,1","+0238,1","09957,1","99,9999,9,9",,,"0,1,99,9","0,1,99,9",,,,,"00,99,1,99,9,99,9,99999,9,99,9,99,9",,,"9,9,999,9,+012,1",,"SYN004BUFR",
"42367099999","2024-06-21T03:00:00","4","26.4043","80.410119","123.44","KANPUR CHAKERI, IN","FM-12","99999","V020","140,1,N,0010,1","22000,1,9,9","004000,1,9,9","+0320,1","+0237,1","10007,1","99,9999,9,9",,,"0,1,99,9","0,1,99,9","99,9,+00600,1,99,9",,,"9,AGL   ,+99999,+99999","04,99,1,99,9,99,9,00600,1,99,9,99,9","120,M,+0382,1","120,N,+0266,1","9,9,999,9,+030,1",,"SYN004BUFR",
"42367099999","2024-06-21T12:00:00","4","26.4043","80.410119","123.44","KANPUR CHAKERI, IN","FM-12","99999","V020","999,9,C,0000,1","22000,1,9,9","004000,1,9,9","+0390,1","+0223,1","09960,1","99,9999,9,9",,,"0,1,99,9","0,1,99,9","99,9,+04000,1,99,9",,,"9,AGL   ,+99999,+99999","02,99,1,99,9,99,9,04000,1,99,9,99,9",,,"9,9,999,9,+004,1",,"SYN004BUFR",
"42367099999","2024-06-22T03:00:00","4","26.4043","80.410119","123.44","KANPUR CHAKERI, IN","FM-12","99999","V020","140,1,N,0021,1","22000,1,9,9","004000,1,9,9","+0342,1","+0255,1","09998,1","99,9999,9,9",,,"0,1,99,9","0,1,99,9","99,9,+00600,1,99,9",,,"9,AGL   ,+99999,+99999","04,99,1,99,9,99,9,00600,1,99,9,99,9","120,M,+0400,1","120,N,+0298,1","9,9,999,9,-008,1",,"SYN004BUFR",
"42367099999","2024-06-22T12:00:00","4","26.4043","80.410119","123.44","KANPUR CHAKERI, IN","FM-12","99999","V020","050,1,N,0010,1","22000,1,9,9","004000,1,9,9","+0337,1","+0241,1","09969,1","99,9999,9,9",,,"0,1,99,9","0,1,99,9","99,9,+00600,1,99,9",,,"9,AGL   ,+99999,+99999","04,99,1,99,9,99,9,00600,1,99,9,99,9",,,"9,9,999,9,+006,1",,"SYN004BUFR",
"42367099999","2024-06-23T12:00:00","4","26.4043","80.410119","123.44","KANPUR CHAKERI, IN","FM-12","99999","V020","320,1,N,0010,1","22000,1,9,N","004000,1,9,9","+0360,1","+0247,1","09949,1","09,0010,3,1",,,,,"99,9,+00800,1,99,9",,,"9,AGL   ,+99999,+99999","04,99,1,99,9,99,9,00800,1,99,9,99,9","240,M,+0392,1",,"9,9,999,9,+019,1",,"SYN05842367 21596 43202 10360 20247 49949 333 10392 58019 6001/=",
"42367099999","2024-06-24T03:00:00","4","26.4043","80.410119","123.44","KANPUR CHAKERI, IN","FM-12","99999","V020","140,1,N,0010,1","99999,9,9,N","004000,1,9,9","+0346,1","+0269,1","09987,1","24,0030,3,1",,,,,,,,,,"240,M,+0392,1","240,N,+0276,1","9,9,999,9,-018,1",,"SYN08042367 21996 01402 10346 20269 49987 333 10392 20276 59018 6003/ 555 00028 10005=",
"42367099999","2024-06-24T12:00:00","4","26.4043","80.410119","123.44","KANPUR CHAKERI, IN","FM-12","99999","V020","320,1,N,0010,1","22000,1,9,9","004000,1,9,9","+0325,1","+0247,1","09974,1","99,9999,9,9",,,"0,1,99,9","0,1,99,9","99,9,+00600,1,99,9",,,"9,AGL   ,+99999,+99999","04,99,1,99,9,99,9,00600,1,99,9,99,9",,,"9,9,999,9,+023,1",,"SYN004BUFR",
"42367099999","2024-06-25T03:00:00","4","26.4043","80.410119","123.44","KANPUR CHAKERI, IN","FM-12","99999","V020","140,1,N,0010,1","22000,1,9,9","004000,1,9,9","+0347,1","+0265,1","09985,1","99,9999,9,9",,,"0,1,99,9","0,1,99,9",,,,,"00,99,1,99,9,99,9,99999,9,99,9,99,9","120,M,+0360,1","120,N,+0274,1","9,9,999,9,-004,1",,"SYN004BUFR",
"42367099999","2024-06-25T12:00:00","4","26.4043","80.410119","123.44","KANPUR CHAKERI, IN","FM-12","99999","V020","999,9,C,0000,1","22000,1,9,9","004000,1,9,9","+0302,1","+0299,1","09968,1",,,,,,"99,9,+00600,1,99,9",,,"9,AGL   ,+99999,+99999","04,99,1,99,9,99,9,00600,1,99,9,99,9",,,"9,9,999,9,-006,1",,"SYN004BUFR",
"42367099999","2024-06-26T03:00:00","4","26.4043","80.410119","123.44","KANPUR CHAKERI, IN","FM-12","99999","V020","140,1,N,0010,1","99999,9,9,9","004000,1,9,9","+0295,1","+0251,1","09986,1",,,,,,"99,9,+00600,1,99,9",,,"9,AGL   ,+99999,+99999","05,99,1,99,9,99,9,00600,1,99,9,99,9","120,M,+0304,1","120,N,+0266,1","9,9,999,9,+001,1",,"SYN004BUFR",
"42367099999","2024-06-26T12:00:00","4","26.4043","80.410119","123.44","KANPUR CHAKERI, IN","FM-12","99999","V020","320,1,N,0010,1","99999,9,9,9","004000,1,9,9","+0285,1","+0281,1","09972,1",,,,,,"99,9,+00600,1,99,9",,,"9,AGL   ,+99999,+99999","05,99,1,99,9,99,9,00600,1,99,9,99,9",,,"9,9,999,9,+003,1",,"SYN004BUFR",
"42367099999","2024-06-27T12:00:00","4","26.4043","80.410119","123.44","KANPUR CHAKERI, IN","FM-12","99999","V020","050,1,N,0010,1","22000,1,9,N","004000,1,9,9","+0354,1","+0266,1","09985,1",,,,,,"99,9,+00800,1,99,9",,,"9,AGL   ,+99999,+99999","02,99,1,99,9,99,9,00800,1,99,9,99,9","240,M,+0358,1",,"9,9,999,9,+015,1",,"SYN05242367 32596 20502 10354 20266 49985 333 10358 58015=",
"42367099999","2024-06-28T03:00:00","4","26.4043","80.410119","123.44","KANPUR CHAKERI, IN","FM-12","99999","V020","050,1,N,0010,1","22000,1,9,N","004000,1,9,9","+0322,1","+0264,1","10009,1",,,,,,"99,9,+00800,1,99,9",,,"9,AGL   ,+99999,+99999","04,99,1,99,9,99,9,00800,1,99,9,99,9","240,M,+0358,1","240,N,+0248,1","9,9,999,9,-002,1",,"SYN06842367 32596 40502 10322 20264 40009 333 10358 20248 59002 555 10045=",
"42367099999","2024-06-28T12:00:00","4","26.4043","80.410119","123.44","KANPUR CHAKERI, IN","FM-12","99999","V020","320,1,N,0010,1","99999,9,9,9","004000,1,9,9","+0352,1","+0257,1","09960,1","99,9999,9,9",,,"0,1,99,9","0,1,99,9","99,9,+00600,1,99,9",,,"9,AGL   ,+99999,+99999","05,99,1,99,9,99,9,00600,1,99,9,99,9",,,"9,9,999,9,-024,1",,"SYN004BUFR",
"42367099999","2024-06-29T03:00:00","4","26.4043","80.410119","123.44","KANPUR CHAKERI, IN","FM-12","99999","V020","230,1,N,0010,1","99999,9,9,9","004000,1,9,9","+0285,1","+0250,1","10003,1",,,,,,"99,9,+00600,1,99,9",,,"9,AGL   ,+99999,+99999","08,99,1,99,9,99,9,00600,1,99,9,99,9","120,M,+0366,1","120,N,+0256,1","9,9,999,9,-008,1",,"SYN004BUFR",
"42367099999","2024-06-30T03:00:00","4","26.4043","80.410119","123.44","KANPUR CHAKERI, IN","FM-12","99999","V020","230,1,N,0021,1","22000,1,9,9","004000,1,9,9","+0300,1","+0258,1","09996,1","99,9999,9,9",,,"0,1,99,9","0,1,99,9","99,9,+00600,1,99,9",,,"9,AGL   ,+99999,+99999","04,99,1,99,9,99,9,00600,1,99,9,99,9","120,M,+0334,1","120,N,+0268,1","9,9,999,9,-007,1",,"SYN004BUFR",
"42367099999","2024-06-30T12:00:00","4","26.4043","80.410119","123.44","KANPUR CHAKERI, IN","FM-12","99999","V020","230,1,N,0010,1","99999,9,9,9","004000,1,9,9","+0305,1","+0274,1","09981,1","99,9999,9,9",,,"0,1,99,9","0,1,99,9","99,9,+00600,1,99,9",,,"9,AGL   ,+99999,+99999","05,99,1,99,9,99,9,00600,1,99,9,99,9",,,"9,9,999,9,+013,1",,"SYN004BUFR",
"42367099999","2024-07-01T03:00:00","4","26.4043","80.410119","123.44","KANPUR CHAKERI, IN","FM-12","99999","V020","320,1,N,0010,1","99999,9,9,9","004000,1,9,9","+0260,1","+0257,1","09978,1",,,,"0,1,99,9","0,1,99,9","99,9,+00600,1,99,9",,,"9,AGL   ,+99999,+99999","08,99,1,99,9,99,9,00600,1,99,9,99,9","120,M,+0308,1","120,N,+0246,1","9,9,999,9,-019,1",,"SYN004BUFR",
"42367099999","2024-07-01T12:00:00","4","26.4043","80.410119","123.44","KANPUR CHAKERI, IN","FM-12","99999","V020","230,1,N,0010,1","99999,9,9,9","004000,1,9,9","+0317,1","+0274,1","09940,1","99,9999,9,9",,,"0,1,99,9","0,1,99,9","99,9,+00600,1,99,9",,,"9,AGL   ,+99999,+99999","06,99,1,99,9,99,9,00600,1,99,9,99,9",,,"9,9,999,9,+041,1",,"SYN004BUFR",
"42367099999","2024-07-02T03:00:00","4","26.4043","80.410119","123.44","KANPUR CHAKERI, IN","FM-12","99999","V020","230,1,N,0021,1","99999,9,9,9","004000,1,9,9","+0297,1","+0256,1","09956,1",,,,,,"99,9,+00600,1,99,9",,,"9,AGL   ,+99999,+99999","08,99,1,99,9,99,9,00600,1,99,9,99,9","120,M,+0322,1","120,N,+0244,1","9,9,999,9,-020,1",,"SYN004BUFR",
"42367099999","2024-07-02T12:00:00","4","26.4043","80.410119","123.44","KANPUR CHAKERI, IN","FM-12","99999","V020","320,1,N,0010,1","99999,9,9,9","004000,1,9,9","+0316,1","+0260,1","09951,1","99,9999,9,9",,,"0,1,99,9","0,1,99,9","99,9,+00600,1,99,9",,,"9,AGL   ,+99999,+99999","05,99,1,99,9,99,9,00600,1,99,9,99,9",,,"9,9,999,9,+011,1",,"SYN004BUFR",
"42367099999","2024-07-03T03:00:00","4","26.4043","80.410119","123.44","KANPUR CHAKERI, IN","FM-12","99999","V020","230,1,N,0010,1","99999,9,9,9","004000,1,9,9","+0306,1","+0264,1","09969,1","99,9999,9,9",,,"0,1,99,9","0,1,99,9","99,9,+00600,1,99,9",,,"9,AGL   ,+99999,+99999","08,99,1,99,9,99,9,00600,1,99,9,99,9","120,M,+0318,1","120,N,+0246,1","9,9,999,9,+014,1",,"SYN004BUFR",
"42367099999","2024-07-03T12:00:00","4","26.4043","80.410119","123.44","KANPUR CHAKERI, IN","FM-12","99999","V020","140,1,N,0010,1","99999,9,9,9","004000,1,9,9","+0292,1","+0261,1","09963,1","99,9999,9,9",,,"0,1,99,9","0,1,99,9","99,9,+00600,1,99,9",,,"9,AGL   ,+99999,+99999","06,99,1,99,9,99,9,00600,1,99,9,99,9",,,"9,9,999,9,+011,1",,"SYN004BUFR",
"42367099999","2024-07-04T12:00:00","4","26.4043","80.410119","123.44","KANPUR CHAKERI, IN","FM-12","99999","V020","999,9,C,0000,1","99999,9,9,9","004000,1,9,9","+0320,1","+0270,1","09973,1","99,9999,9,9",,,"0,1,99,9","0,1,99,9","99,9,+00600,1,99,9",,,"9,AGL   ,+99999,+99999","06,99,1,99,9,99,9,00600,1,99,9,99,9",,,"9,9,999,9,+011,1",,"SYN004BUFR",
"42367099999","2024-07-05T03:00:00","4","26.4043","80.410119","123.44","KANPUR CHAKERI, IN","FM-12","99999","V020","230,1,N,0010,1","99999,9,9,9","004000,1,9,9","+0296,1","+0274,1","09974,1",,,,,,"99,9,+00600,1,99,9",,,"9,AGL   ,+99999,+99999","08,99,1,99,9,99,9,00600,1,99,9,99,9","120,M,+0322,1","120,N,+0232,1","9,9,999,9,-012,1",,"SYN004BUFR",
"42367099999","2024-07-05T12:00:00","4","26.4043","80.410119","123.44","KANPUR CHAKERI, IN","FM-12","99999","V020","140,1,N,0010,1","99999,9,9,N","004000,1,9,9","+0316,1","+0269,1","09962,1",,,,,,"99,9,+00800,1,99,9",,,"9,AGL   ,+99999,+99999","06,99,1,99,9,99,9,00800,1,99,9,99,9","240,M,+0318,1",,"9,9,999,9,-011,1",,"SYN05242367 32596 61402 10316 20269 49962 333 10318 59011=",
"42367099999","2024-07-06T03:00:00","4","26.4043","80.410119","123.44","KANPUR CHAKERI, IN","FM-12","99999","V020","140,1,N,0010,1","99999,9,9,9","004000,1,9,9","+0282,1","+0268,1","09950,1",,,,,,"99,9,+00600,1,99,9",,,"9,AGL   ,+99999,+99999","08,99,1,99,9,99,9,00600,1,99,9,99,9","120,M,+0318,1","120,N,+0238,1","9,9,999,9,-024,1",,"SYN004BUFR",
"42367099999","2024-07-06T12:00:00","4","26.4043","80.410119","123.44","KANPUR CHAKERI, IN","FM-12","99999","V020","320,1,N,0010,1","99999,9,9,9","004000,1,9,9","+0277,1","+0267,1","09945,1",,,,,,"99,9,+00600,1,99,9",,,"9,AGL   ,+99999,+99999","06,99,1,99,9,99,9,00600,1,99,9,99,9",,,"9,9,999,9,-019,1",,"SYN004BUFR",
"42367099999","2024-07-07T03:00:00","4","26.4043","80.410119","123.44","KANPUR CHAKERI, IN","FM-12","99999","V020","230,1,N,0021,1","99999,9,9,9","004000,1,9,9","+0266,1","+0257,1","09981,1",,,,,,"99,9,+00600,1,99,9",,,"9,AGL   ,+99999,+99999","08,99,1,99,9,99,9,00600,1,99,9,99,9","120,M,+0298,1","120,N,+0236,1","9,9,999,9,+030,1",,"SYN004BUFR",
"42367099999","2024-07-07T12:00:00","4","26.4043","80.410119","123.44","KANPUR CHAKERI, IN","FM-12","99999","V020","140,1,N,0010,1","99999,9,9,9","004000,1,9,9","+0320,1","+0270,1","09973,1","99,9999,9,9",,,"0,1,99,9","0,1,99,9","99,9,+00600,1,99,9",,,"9,AGL   ,+99999,+99999","06,99,1,99,9,99,9,00600,1,99,9,99,9",,,"9,9,999,9,+030,1",,"SYN004BUFR",
"42367099999","2024-07-08T03:00:00","4","26.4043","80.410119","123.44","KANPUR CHAKERI, IN","FM-12","99999","V020","140,1,N,0010,1","99999,9,9,9","004000,1,9,9","+0290,1","+0268,1","10021,1","99,9999,9,9",,,"0,1,99,9","0,1,99,9","99,9,+00600,1,99,9",,,"9,AGL   ,+99999,+99999","06,99,1,99,9,99,9,00600,1,99,9,99,9","120,M,+0322,1","120,N,+0246,1","9,9,999,9,+040,1",,"SYN004BUFR",
"42367099999","2024-07-08T12:00:00","4","26.4043","80.410119","123.44","KANPUR CHAKERI, IN","FM-12","99999","V020","140,1,N,0010,1","22000,1,9,9","004000,1,9,9","+0340,1","+0271,1","10004,1","99,9999,9,9",,,"0,1,99,9","0,1,99,9","99,9,+00600,1,99,9",,,"9,AGL   ,+99999,+99999","04,99,1,99,9,99,9,00600,1,99,9,99,9",,,"9,9,999,9,+032,1",,"SYN004BUFR",
"42367099999","2024-07-09T12:00:00","4","26.4043","80.410119","123.44","KANPUR CHAKERI, IN","FM-12","99999","V020","999,9,C,0000,1","22000,1,9,9","004000,1,9,9","+0310,1","+0271,1","10003,1","99,9999,9,9",,,"0,1,99,9","0,1,99,9","99,9,+00600,1,99,9",,,"9,AGL   ,+99999,+99999","04,99,1,99,9,99,9,00600,1,99,9,99,9",,,"9,9,999,9,-003,1",,"SYN004BUFR",
"42367099999","2024-07-10T03:00:00","4","26.4043","80.410119","123.44","KANPUR CHAKERI, IN","FM-12","99999","V020","050,1,N,0010,1","99999,9,9,N","004000,1,9,9","+0320,1","+0288,1","10013,1","24,0010,3,1",,,,,,,,,,"240,M,+0326,1","240,N,+0280,1","9,9,999,9,-005,1",,"SYN06442367 22996 00502 10320 20288 40013 333 10326 20280 59005 6001/=",
"42367099999","2024-07-10T12:00:00","4","26.4043","80.410119","123.44","KANPUR CHAKERI, IN","FM-12","99999","V020","050,1,N,0010,1","99999,9,9,9","004000,1,9,9","+0287,1","+0251,1","10022,1","99,9999,9,9",,,"0,1,99,9","0,1,99,9","99,9,+00600,1,99,9",,,"9,AGL   ,+99999,+99999","08,99,1,99,9,99,9,00600,1,99,9,99,9",,,"9,9,999,9,+018,1",,"SYN004BUFR",
"42367099999","2024-07-11T03:00:00","4","26.4043","80.410119","123.44","KANPUR CHAKERI, IN","FM-12","99999","V020","320,1,N,0010,1","22000,1,9,9","004000,1,9,9","+0306,1","+0273,1","10011,1",,,,,,"99,9,+00600,1,99,9",,,"9,AGL   ,+99999,+99999","04,99,1,99,9,99,9,00600,1,99,9,99,9","120,M,+0350,1","120,N,+0270,1","9,9,999,9,-002,1",,"SYN004BUFR",
"42367099999","2024-07-11T12:00:00","4","26.4043","80.410119","123.44","KANPUR CHAKERI, IN","FM-12","99999","V020","230,1,N,0010,1","22000,1,9,9","004000,1,9,9","+0326,1","+0274,1","09949,1","99,9999,9,9",,,"0,1,99,9","0,1,99,9","99,9,+00600,1,99,9",,,"9,AGL   ,+99999,+99999","04,99,1,99,9,99,9,00600,1,99,9,99,9",,,"9,9,999,9,-071,1",,"SYN004BUFR",
"42367099999","2024-07-14T12:00:00","4","26.4043","80.410119","123.44","KANPUR CHAKERI, IN","FM-12","99999","V020","050,1,N,0010,1","22000,1,9,9","004000,1,9,9","+0355,1","+0266,1","09964,1","99,9999,9,9",,,"0,1,99,9","0,1,99,9","99,9,+00600,1,99,9",,,"9,AGL   ,+99999,+99999","02,99,1,99,9,99,9,00600,1,99,9,99,9",,,"9,9,999,9,+002,1",,"SYN004BUFR",
"42367099999","2024-07-15T12:00:00","4","26.4043","80.410119","123.44","KANPUR CHAKERI, IN","FM-12","99999","V020","050,1,N,0010,1","22000,1,9,9","004000,1,9,9","+0357,1","+0270,1","09975,1","99,9999,9,9",,,"0,1,99,9","0,1,99,9","99,9,+00600,1,99,9",,,"9,AGL   ,+99999,+99999","02,99,1,99,9,99,9,00600,1,99,9,99,9",,,"9,9,999,9,+011,1",,"SYN004BUFR",
"42367099999","2024-07-16T03:00:00","4","26.4043","80.410119","123.44","KANPUR CHAKERI, IN","FM-12","99999","V020","140,1,N,0010,1","22000,1,9,N","004000,1,9,9","+0336,1","+0276,1","09999,1",,,,,,,,,"9,AGL   ,+99999,+99999","02,99,1,99,9,99,9,99999,9,99,9,99,9","240,M,+0372,1","240,N,+0294,1","9,9,999,9,+003,1",,"SYN06842367 32996 21402 10336 20276 49999 333 10372 20294 58003 555 10219=",
"42367099999","2024-07-17T03:00:00","4","26.4043","80.410119","123.44","KANPUR CHAKERI, IN","FM-12","99999","V020","050,1,N,0021,1","22000,1,9,9","004000,1,9,9","+0317,1","+0277,1","10008,1","99,9999,9,9",,,"0,1,99,9","0,1,99,9","99,9,+00600,1,99,9",,,"9,AGL   ,+99999,+99999","04,99,1,99,9,99,9,00600,1,99,9,99,9","120,M,+0382,1","120,N,+0290,1","9,9,999,9,+008,1",,"SYN004BUFR",
"42367099999","2024-07-17T12:00:00","4","26.4043","80.410119","123.44","KANPUR CHAKERI, IN","FM-12","99999","V020","050,1,N,0010,1","22000,1,9,9","004000,1,9,9","+0357,1","+0276,1","09984,1","99,9999,9,9",,,"0,1,99,9","0,1,99,9","99,9,+04000,1,99,9",,,"9,AGL   ,+99999,+99999","02,99,1,99,9,99,9,04000,1,99,9,99,9",,,"9,9,999,9,-002,1",,"SYN004BUFR",
"42367099999","2024-07-18T12:00:00","4","26.4043","80.410119","123.44","KANPUR CHAKERI, IN","FM-12","99999","V020","999,9,C,0000,1","22000,1,9,9","004000,1,9,9","+0365,1","+0277,1","09976,1","99,9999,9,9",,,"0,1,99,9","0,1,99,9","99,9,+00600,1,99,9",,,"9,AGL   ,+99999,+99999","04,99,1,99,9,99,9,00600,1,99,9,99,9",,,"9,9,999,9,-007,1",,"SYN004BUFR",
"42367099999","2024-07-19T03:00:00","4","26.4043","80.410119","123.44","KANPUR CHAKERI, IN","FM-12","99999","V020","140,1,N,0010,1","22000,1,9,9","004000,1,9,9","+0326,1","+0282,1","09986,1","99,9999,9,9",,,"0,1,99,9","0,1,99,9","99,9,+04000,1,99,9",,,"9,AGL   ,+99999,+99999","02,99,1,99,9,99,9,04000,1,99,9,99,9","120,M,+0408,1","120,N,+0286,1","9,9,999,9,-003,1",,"SYN004BUFR",
"42367099999","2024-07-19T12:00:00","4","26.4043","80.410119","123.44","KANPUR CHAKERI, IN","FM-12","99999","V020","320,1,N,0010,1","22000,1,9,9","004000,1,9,9","+0306,1","+0276,1","09939,1","99,9999,9,9",,,"0,1,99,9","0,1,99,9","99,9,+00600,1,99,9",,,"9,AGL   ,+99999,+99999","04,99,1,99,9,99,9,00600,1,99,9,99,9",,,"9,9,999,9,-039,1",,"SYN004BUFR",
"42367099999","2024-07-20T12:00:00","4","26.4043","80.410119","123.44","KANPUR CHAKERI, IN","FM-12","99999","V020","140,1,N,0010,1","22000,1,9,9","004000,1,9,9","+0366,1","+0261,1","09960,1","99,9999,9,9",,,"0,1,99,9","0,1,99,9","99,9,+04000,1,99,9",,,"9,AGL   ,+99999,+99999","04,99,1,99,9,99,9,04000,1,99,9,99,9",,,"9,9,999,9,+023,1",,"SYN004BUFR",
"42367099999","2024-07-21T03:00:00","4","26.4043","80.410119","123.44","KANPUR CHAKERI, IN","FM-12","99999","V020","050,1,N,0021,1","22000,1,9,9","004000,1,9,9","+0322,1","+0284,1","09981,1",,,,,,"99,9,+04000,1,99,9",,,"9,AGL   ,+99999,+99999","02,99,1,99,9,99,9,04000,1,99,9,99,9","120,M,+0374,1","120,N,+0284,1","9,9,999,9,+000,1",,"SYN004BUFR",
"42367099999","2024-07-21T12:00:00","4","26.4043","80.410119","123.44","KANPUR CHAKERI, IN","FM-12","99999","V020","090,1,N,0010,1","22000,1,9,9","004000,1,9,9","+0356,1","+0262,1","09957,1","99,9999,9,9",,,"0,1,99,9","0,1,99,9","99,9,+04000,1,99,9",,,"9,AGL   ,+99999,+99999","04,99,1,99,9,99,9,04000,1,99,9,99,9",,,"9,9,999,9,-003,1",,"SYN004BUFR",
"42367099999","2024-07-22T03:00:00","4","26.4043","80.410119","123.44","KANPUR CHAKERI, IN","FM-12","99999","V020","050,1,N,0010,1","22000,1,9,9","004000,1,9,9","+0330,1","+0272,1","09976,1","99,9999,9,9",,,"0,1,99,9","0,1,99,9","99,9,+04000,1,99,9",,,"9,AGL   ,+99999,+99999","02,99,1,99,9,99,9,04000,1,99,9,99,9","120,M,+0365,1","120,N,+0286,1","9,9,999,9,-005,1",,"SYN004BUFR",
"42367099999","2024-07-22T12:00:00","4","26.4043","80.410119","123.44","KANPUR CHAKERI, IN","FM-12","99999","V020","050,1,N,0010,1","22000,1,9,9","004000,1,9,9","+0356,1","+0252,1","09959,1","99,9999,9,9",,,"0,1,99,9","0,1,99,9","99,9,+00600,1,99,9",,,"9,AGL   ,+99999,+99999","04,99,1,99,9,99,9,00600,1,99,9,99,9",,,"9,9,999,9,+002,1",,"SYN004BUFR",
"42367099999","2024-07-23T03:00:00","4","26.4043","80.410119","123.44","KANPUR CHAKERI, IN","FM-12","99999","V020","140,1,N,0010,1","99999,9,9,9","004000,1,9,9","+0316,1","+0280,1","09979,1","99,9999,9,9",,,"0,1,99,9","0,1,99,9","99,9,+00600,1,99,9",,,"9,AGL   ,+99999,+99999","06,99,1,99,9,99,9,00600,1,99,9,99,9","120,M,+0374,1","120,N,+0290,1","9,9,999,9,+003,1",,"SYN004BUFR",
"42367099999","2024-07-23T12:00:00","4","26.4043","80.410119","123.44","KANPUR CHAKERI, IN","FM-12","99999","V020","050,1,N,0010,1","22000,1,9,9","004000,1,9,9","+0356,1","+0265,1","09940,1","99,9999,9,9",,,"0,1,99,9","0,1,99,9","99,9,+00600,1,99,9",,,"9,AGL   ,+99999,+99999","04,99,1,99,9,99,9,00600,1,99,9,99,9",,,"9,9,999,9,-009,1",,"SYN004BUFR",
"42367099999","2024-07-24T03:00:00","4","26.4043","80.410119","123.44","KANPUR CHAKERI, IN","FM-12","99999","V020","050,1,N,0010,1","22000,1,9,9","004000,1,9,9","+0310,1","+0286,1","09947,1",,,,,,"99,9,+00600,1,99,9",,,"9,AGL   ,+99999,+99999","04,99,1,99,9,99,9,00600,1,99,9,99,9","120,M,+0366,1","120,N,+0260,1","9,9,999,9,-032,1",,"SYN004BUFR",
"42367099999","2024-07-24T12:00:00","4","26.4043","80.410119","123.44","KANPUR CHAKERI, IN","FM-12","99999","V020","050,1,N,0010,1","22000,1,9,9","004000,1,9,9","+0326,1","+0271,1","09916,1",,,,,,"99,9,+00600,1,99,9",,,"9,AGL   ,+99999,+99999","04,99,1,99,9,99,9,00600,1,99,9,99,9",,,"9,9,999,9,-035,1",,"SYN004BUFR",
"42367099999","2024-07-25T03:00:00","4","26.4043","80.410119","123.44","KANPUR CHAKERI, IN","FM-12","99999","V020","050,1,N,0010,1","22000,1,9,9","004000,1,9,9","+0300,1","+0275,1","09940,1",,,,,,"99,9,+04000,1,99,9",,,"9,AGL   ,+99999,+99999","02,99,1,99,9,99,9,04000,1,99,9,99,9","120,M,+0344,1","120,N,+0260,1","9,9,999,9,-007,1",,"SYN004BUFR",
"42367099999","2024-07-25T12:00:00","4","26.4043","80.410119","123.44","KANPUR CHAKERI, IN","FM-12","99999","V020","140,1,N,0010,1","99999,9,9,9","004000,1,9,9","+0302,1","+0288,1","09907,1",,,,,,"99,9,+00600,1,99,9",,,"9,AGL   ,+99999,+99999","08,99,1,99,9,99,9,00600,1,99,9,99,9",,,"9,9,999,9,-010,1",,"SYN004BUFR",
"42367099999","2024-07-26T03:00:00","4","26.4043","80.410119","123.44","KANPUR CHAKERI, IN","FM-12","99999","V020","140,1,N,0010,1","99999,9,9,N","004000,1,9,9","+0294,1","+0272,1","09947,1","24,0070,3,1",,,,,"99,9,+00800,1,99,9",,,"9,AGL   ,+99999,+99999","08,99,1,99,9,99,9,00800,1,99,9,99,9","240,M,+0350,1","240,N,+0278,1","9,9,999,9,+006,1",,"SYN08042367 21596 81402 10294 20272 49947 333 10350 20278 58006 6007/ 555 00068 10268=",
"42367099999","2024-07-26T12:00:00","4","26.4043","80.410119","123.44","KANPUR CHAKERI, IN","FM-12","99999","V020","140,1,N,0010,1","99999,9,9,9","004000,1,9,9","+0336,1","+0267,1","09922,1","99,9999,9,9",,,"0,1,99,9","0,1,99,9","99,9,+00600,1,99,9",,,"9,AGL   ,+99999,+99999","06,99,1,99,9,99,9,00600,1,99,9,99,9",,,"9,9,999,9,+017,1",,"SYN004BUFR",
"42367099999","2024-07-27T03:00:00","4","26.4043","80.410119","123.44","KANPUR CHAKERI, IN","FM-12","99999","V020","140,1,N,0010,1","22000,1,9,9","004000,1,9,9","+0312,1","+0282,1","09970,1","99,9999,9,9",,,"0,1,99,9","0,1,99,9","99,9,+00600,1,99,9",,,"9,AGL   ,+99999,+99999","04,99,1,99,9,99,9,00600,1,99,9,99,9","120,M,+0354,1","120,N,+0280,1","9,9,999,9,+024,1",,"SYN004BUFR",
"42367099999","2024-07-27T12:00:00","4","26.4043","80.410119","123.44","KANPUR CHAKERI, IN","FM-12","99999","V020","140,1,N,0010,1","99999,9,9,9","004000,1,9,9","+0322,1","+0275,1","09936,1",,,,,,"99,9,+00600,1,99,9",,,"9,AGL   ,+99999,+99999","06,99,1,99,9,99,9,00600,1,99,9,99,9",,,"9,9,999,9,+013,1",,"SYN004BUFR",
"42367099999","2024-07-28T03:00:00","4","26.4043","80.410119","123.44","KANPUR CHAKERI, IN","FM-12","99999","V020","140,1,N,0021,1","22000,1,9,9","004000,1,9,9","+0317,1","+0271,1","09960,1",,,,,,"99,9,+00600,1,99,9",,,"9,AGL   ,+99999,+99999","02,99,1,99,9,99,9,00600,1,99,9,99,9","120,M,+0374,1","120,N,+0270,1","9,9,999,9,-002,1",,"SYN004BUFR",
"42367099999","2024-07-28T12:00:00","4","26.4043","80.410119","123.44","KANPUR CHAKERI, IN","FM-12","99999","V020","050,1,N,0010,1","22000,1,9,9","004000,1,9,9","+0322,1","+0270,1","09959,1","99,9999,9,9",,,"0,1,99,9","0,1,99,9","99,9,+00600,1,99,9",,,"9,AGL   ,+99999,+99999","02,99,1,99,9,99,9,00600,1,99,9,99,9",,,"9,9,999,9,+022,1",,"SYN004BUFR",
"42367099999","2024-07-29T03:00:00","4","26.4043","80.410119","123.44","KANPUR CHAKERI, IN","FM-12","99999","V020","140,1,N,0021,1","22000,1,9,9","004000,1,9,9","+0320,1","+0282,1","09973,1","99,9999,9,9",,,"0,1,99,9","0,1,99,9","99,9,+00600,1,99,9",,,"9,AGL   ,+99999,+99999","02,99,1,99,9,99,9,00600,1,99,9,99,9","120,M,+0344,1","120,N,+0284,1","9,9,999,9,+005,1",,"SYN004BUFR",
"42367099999","2024-07-29T12:00:00","4","26.4043","80.410119","123.44","KANPUR CHAKERI, IN","FM-12","99999","V020","050,1,N,0010,1","22000,1,9,9","004000,1,9,9","+0362,1","+0278,1","09964,1","99,9999,9,9",,,"0,1,99,9","0,1,99,9","99,9,+00600,1,99,9",,,"9,AGL   ,+99999,+99999","02,99,1,99,9,99,9,00600,1,99,9,99,9",,,"9,9,999,9,+007,1",,"SYN004BUFR",
"42367099999","2024-07-30T03:00:00","4","26.4043","80.410119","123.44","KANPUR CHAKERI, IN","FM-12","99999","V020","050,1,N,0021,1","22000,1,9,9","004000,1,9,9","+0327,1","+0287,1","09986,1",,,,,,"99,9,+04000,1,99,9",,,"9,AGL   ,+99999,+99999","04,99,1,99,9,99,9,04000,1,99,9,99,9","120,M,+0368,1","120,N,+0286,1","9,9,999,9,+013,1",,"SYN004BUFR",
"42367099999","2024-07-30T12:00:00","4","26.4043","80.410119","123.44","KANPUR CHAKERI, IN","FM-12","99999","V020","999,9,C,0000,1","22000,1,9,N","004000,1,9,9","+0312,1","+0273,1","09978,1","09,0000,9,1",,,,,"99,9,+00800,1,99,9",,,"9,AGL   ,+99999,+99999","02,99,1,99,9,99,9,00800,1,99,9,99,9","240,M,+0364,1",,"9,9,999,9,+012,1",,"SYN05842367 22596 20000 10312 20273 49978 333 10364 58012 6990/=","Q01  00002PRCP09"
"42367099999","2024-07-31T03:00:00","4","26.4043","80.410119","123.44","KANPUR CHAKERI, IN","FM-12","99999","V020","230,1,N,0010,1","99999,9,9,9","004000,1,9,9","+0315,1","+0284,1","10005,1",,,,"0,1,99,9","0,1,99,9","99,9,+00600,1,99,9",,,"9,AGL   ,+99999,+99999","06,99,1,99,9,99,9,00600,1,99,9,99,9","120,M,+0364,1","120,N,+0292,1","9,9,999,9,+018,1",,"SYN004BUFR",
"42367099999","2024-08-01T12:00:00","4","26.4043","80.410119","123.44","KANPUR CHAKERI, IN","FM-12","99999","V020","320,1,N,0010,1","22000,1,9,9","004000,1,9,9","+0336,1","+0273,1","09979,1","99,9999,9,9",,,"0,1,99,9","0,1,99,9","99,9,+00600,1,99,9",,,"9,AGL   ,+99999,+99999","02,99,1,99,9,99,9,00600,1,99,9,99,9",,,"9,9,999,9,-013,1",,"SYN004BUFR",
"42367099999","2024-08-02T03:00:00","4","26.4043","80.410119","123.44","KANPUR CHAKERI, IN","FM-12","99999","V020","140,1,N,0010,1","99999,9,9,9","004000,1,9,9","+0295,1","+0275,1","09975,1",,,,,,"99,9,+00600,1,99,9",,,"9,AGL   ,+99999,+99999","06,99,1,99,9,99,9,00600,1,99,9,99,9","120,M,+0338,1","120,N,+0240,1","9,9,999,9,-016,1",,"SYN004BUFR",
"42367099999","2024-08-03T03:00:00","4","26.4043","80.410119","123.44","KANPUR CHAKERI, IN","FM-12","99999","V020","140,1,N,0010,1","99999,9,9,N","004000,1,9,9","+0296,1","+0271,1","09985,1",,,,,,"99,9,+00800,1,99,9",,,"9,AGL   ,+99999,+99999","08,99,1,99,9,99,9,00800,1,99,9,99,9","240,M,+0334,1","240,N,+0270,1","9,9,999,9,+010,1",,"SYN06842367 32596 81402 10296 20271 49985 333 10334 20270 58010 555 10318=",
"42367099999","2024-08-03T12:00:00","4","26.4043","80.410119","123.44","KANPUR CHAKERI, IN","FM-12","99999","V020","999,9,C,0000,1","22000,1,9,9","004000,1,9,9","+0272,1","+0269,1","09978,1",,,,,,"99,9,+00600,1,99,9",,,"9,AGL   ,+99999,+99999","04,99,1,99,9,99,9,00600,1,99,9,99,9",,,"9,9,999,9,+006,1",,"SYN004BUFR",
"42367099999","2024-08-04T03:00:00","4","26.4043","80.410119","123.44","KANPUR CHAKERI, IN","FM-12","99999","V020","050,1,N,0031,1","99999,9,9,9","004000,1,9,9","+0287,1","+0248,1","09982,1",,,,,,"99,9,+00600,1,99,9",,,"9,AGL   ,+99999,+99999","08,99,1,99,9,99,9,00600,1,99,9,99,9","120,M,+0366,1","120,N,+0260,1","9,9,999,9,-003,1",,"SYN004BUFR",
"42367099999","2024-08-04T12:00:00","4","26.4043","80.410119","123.44","KANPUR CHAKERI, IN","FM-12","99999","V020","050,1,N,0010,1","99999,9,9,9","004000,1,9,9","+0317,1","+0280,1","09971,1","99,9999,9,9",,,"0,1,99,9","0,1,99,9","99,9,+00600,1,99,9",,,"9,AGL   ,+99999,+99999","06,99,1,99,9,99,9,00600,1,99,9,99,9",,,"9,9,999,9,-005,1",,"SYN004BUFR",
"42367099999","2024-08-06T03:00:00","4","26.4043","80.410119","123.44","KANPUR CHAKERI, IN","FM-12","99999","V020","140,1,N,0010,1","22000,1,9,9","004000,1,9,9","+0297,1","+0265,1","10014,1","99,9999,9,9",,,"0,1,99,9","0,1,99,9","99,9,+04000,1,99,9",,,"9,AGL   ,+99999,+99999","04,99,1,99,9,99,9,04000,1,99,9,99,9","120,M,+0340,1","120,N,+0264,1","9,9,999,9,-012,1",,"SYN004BUFR",
"42367099999","2024-08-06T12:00:00","4","26.4043","80.410119","123.44","KANPUR CHAKERI, IN","FM-12","99999","V020","230,1,N,0010,1","22000,1,9,9","004000,1,9,9","+0322,1","+0255,1","09998,1","99,9999,9,9",,,"0,1,99,9","0,1,99,9","99,9,+00600,1,99,9",,,"9,AGL   ,+99999,+99999","02,99,1,99,9,99,9,00600,1,99,9,99,9",,,"9,9,999,9,-001,1",,"SYN004BUFR",
"42367099999","2024-08-07T03:00:00","4","26.4043","80.410119","123.44","KANPUR CHAKERI, IN","FM-12","99999","V020","999,9,C,0000,1","99999,9,9,9","004000,1,9,9","+0277,1","+0264,1","10035,1",,,,,,"99,9,+00600,1,99,9",,,"9,AGL   ,+99999,+99999","08,99,1,99,9,99,9,00600,1,99,9,99,9","120,M,+0346,1","120,N,+0254,1","9,9,999,9,+020,1",,"SYN004BUFR",
"42367099999","2024-08-07T12:00:00","4","26.4043","80.410119","123.44","KANPUR CHAKERI, IN","FM-12","99999","V020","999,9,C,0000,1","22000,1,9,9","004000,1,9,9","+0316,1","+0251,1","10017,1",,,,,,"99,9,+00600,1,99,9",,,"9,AGL   ,+99999,+99999","02,99,1,99,9,99,9,00600,1,99,9,99,9",,,"9,9,999,9,+018,1",,"SYN004BUFR",
"42367099999","2024-08-08T03:00:00","4","26.4043","80.410119","123.44","KANPUR CHAKERI, IN","FM-12","99999","V020","230,1,N,0010,1","22000,1,9,9","004000,1,9,9","+0282,1","+0265,1","10023,1",,,,,,"99,9,+00600,1,99,9",,,"9,AGL   ,+99999,+99999","04,99,1,99,9,99,9,00600,1,99,9,99,9","120,M,+0344,1","120,N,+0254,1","9,9,999,9,-011,1",,"SYN004BUFR",
"42367099999","2024-08-09T03:00:00","4","26.4043","80.410119","123.44","KANPUR CHAKERI, IN","FM-12","99999","V020","230,1,N,0010,1","99999,9,9,9","004000,1,9,9","+0275,1","+0266,1","10040,1",,,,,,"99,9,+00600,1,99,9",,,"9,AGL   ,+99999,+99999","08,99,1,99,9,99,9,00600,1,99,9,99,9","120,M,+0344,1","120,N,+0248,1","9,9,999,9,+016,1",,"SYN004BUFR",
"42367099999","2024-08-09T12:00:00","4","26.4043","80.410119","123.44","KANPUR CHAKERI, IN","FM-12","99999","V020","999,9,C,0000,1","99999,9,9,9","004000,1,9,9","+0292,1","+0278,1","10031,1",,,,"0,1,99,9","0,1,99,9","99,9,+00600,1,99,9",,,"9,AGL   ,+99999,+99999","06,99,1,99,9,99,9,00600,1,99,9,99,9",,,"9,9,999,9,-018,1",,"SYN004BUFR",
"42367099999","2024-08-10T03:00:00","4","26.4043","80.410119","123.44","KANPUR CHAKERI, IN","FM-12","99999","V020","050,1,N,0010,1","99999,9,9,9","004000,1,9,9","+0287,1","+0269,1","10032,1",,,,,,"99,9,+00600,1,99,9",,,"9,AGL   ,+99999,+99999","06,99,1,99,9,99,9,00600,1,99,9,99,9","120,M,+0332,1","120,N,+0260,1","9,9,999,9,-007,1",,"SYN004BUFR",
"42367099999","2024-08-10T12:00:00","4","26.4043","80.410119","123.44","KANPUR CHAKERI, IN","FM-12","99999","V020","230,1,N,0010,1","99999,9,9,9","004000,1,9,9","+0277,1","+0261,1","10028,1",,,,,,"99,9,+00600,1,99,9",,,"9,AGL   ,+99999,+99999","08,99,1,99,9,99,9,00600,1,99,9,99,9",,,"9,9,999,9,-004,1",,"SYN004BUFR",
"42367099999","2024-08-11T03:00:00","4","26.4043","80.410119","123.44","KANPUR CHAKERI, IN","FM-12","99999","V020","230,1,N,0010,1","99999,9,9,9","004000,1,9,9","+0277,1","+0261,1","10015,1",,,,,,"99,9,+00600,1,99,9",,,"9,AGL   ,+99999,+99999","08,99,1,99,9,99,9,00600,1,99,9,99,9","120,M,+0326,1","120,N,+0258,1","9,9,999,9,-018,1",,"SYN004BUFR",
"42367099999","2024-08-13T03:00:00","4","26.4043","80.410119","123.44","KANPUR CHAKERI, IN","FM-12","99999","V020","140,1,N,0010,1","99999,9,9,N","004000,1,9,9","+0284,1","+0270,1","10035,1","24,0480,3,1",,,,,"99,9,+00800,1,99,9",,,"9,AGL   ,+99999,+99999","06,99,1,99,9,99,9,00800,1,99,9,99,9","240,M,+0354,1","240,N,+0240,1","9,9,999,9,+015,1",,"SYN08042367 21596 61402 10284 20270 40035 333 10354 20240 58015 6048/ 555 00478 10472=",
"42367099999","2024-08-13T12:00:00","4","26.4043","80.410119","123.44","KANPUR CHAKERI, IN","FM-12","99999","V020","230,1,N,0010,1","22000,1,9,9","004000,1,9,9","+0330,1","+0266,1","10020,1","99,9999,9,9",,,"0,1,99,9","0,1,99,9","99,9,+00600,1,99,9",,,"9,AGL   ,+99999,+99999","04,99,1,99,9,99,9,00600,1,99,9,99,9",,,"9,9,999,9,+024,1",,"SYN004BUFR",
"42367099999","2024-08-14T12:00:00","4","26.4043","80.410119","123.44","KANPUR CHAKERI, IN","FM-12","99999","V020","140,1,N,0010,1","22000,1,9,9","004000,1,9,9","+0305,1","+0271,1","10034,1",,,,,,"99,9,+00600,1,99,9",,,"9,AGL   ,+99999,+99999","04,99,1,99,9,99,9,00600,1,99,9,99,9",,,"9,9,999,9,+013,1",,"SYN004BUFR",
"42367099999","2024-08-15T03:00:00","4","26.4043","80.410119","123.44","KANPUR CHAKERI, IN","FM-12","99999","V020","140,1,N,0010,1","99999,9,9,9","004000,1,9,9","+0287,1","+0271,1","10033,1",,,,,,"99,9,+00600,1,99,9",,,"9,AGL   ,+99999,+99999","08,99,1,99,9,99,9,00600,1,99,9,99,9","120,M,+0356,1","120,N,+0266,1","9,9,999,9,-002,1",,"SYN004BUFR",
"42367099999","2024-08-15T12:00:00","4","26.4043","80.410119","123.44","KANPUR CHAKERI, IN","FM-12","99999","V020","320,1,N,0010,1","22000,1,9,9","004000,1,9,9","+0327,1","+0258,1","10023,1","99,9999,9,9",,,"0,1,99,9","0,1,99,9","99,9,+00600,1,99,9",,,"9,AGL   ,+99999,+99999","02,99,1,99,9,99,9,00600,1,99,9,99,9",,,"9,9,999,9,-010,1",,"SYN004BUFR",
"42367099999","2024-08-16T03:00:00","4","26.4043","80.410119","123.44","KANPUR CHAKERI, IN","FM-12","99999","V020","230,1,N,0010,1","22000,1,9,N","004000,1,9,9","+0308,1","+0266,1","10019,1",,,,,,"99,9,+00800,1,99,9",,,"9,AGL   ,+99999,+99999","04,99,1,99,9,99,9,00800,1,99,9,99,9","240,M,+0354,1","240,N,+0274,1","9,9,999,9,-013,1",,"SYN06842367 32596 42302 10308 20266 40019 333 10354 20274 59013 555 10479=",
"42367099999","2024-08-16T12:00:00","4","26.4043","80.410119","123.44","KANPUR CHAKERI, IN","FM-12","99999","V020","320,1,N,0010,1","22000,1,9,9","004000,1,9,9","+0352,1","+0267,1","10011,1","99,9999,9,9",,,"0,1,99,9","0,1,99,9","99,9,+00600,1,99,9",,,"9,AGL   ,+99999,+99999","04,99,1,99,9,99,9,00600,1,99,9,99,9",,,"9,9,999,9,-011,1",,"SYN004BUFR",
"42367099999","2024-08-17T03:00:00","4","26.4043","80.410119","123.44","KANPUR CHAKERI, IN","FM-12","99999","V020","320,1,N,0010,1","22000,1,9,9","004000,1,9,9","+0312,1","+0273,1","10035,1",,,,,,"99,9,+00600,1,99,9",,,"9,AGL   ,+99999,+99999","02,99,1,99,9,99,9,00600,1,99,9,99,9","120,M,+0354,1","120,N,+0274,1","9,9,999,9,+020,1",,"SYN004BUFR",
"42367099999","2024-08-17T12:00:00","4","26.4043","80.410119","123.44","KANPUR CHAKERI, IN","FM-12","99999","V020","999,9,C,0000,1","22000,1,9,9","004000,1,9,9","+0340,1","+0286,1","10018,1",,,,,,"99,9,+00600,1,99,9",,,"9,AGL   ,+99999,+99999","04,99,1,99,9,99,9,00600,1,99,9,99,9",,,"9,9,999,9,+007,1",,"SYN004BUFR",
"42367099999","2024-08-18T03:00:00","4","26.4043","80.410119","123.44","KANPUR CHAKERI, IN","FM-12","99999","V020","230,1,N,0010,1","99999,9,9,N","004000,1,9,9","+0298,1","+0276,1","10049,1","24,0020,3,1",,,,,"99,9,+00800,1,99,9",,,"9,AGL   ,+99999,+99999","08,99,1,99,9,99,9,00800,1,99,9,99,9","240,M,+0354,1","240,N,+0280,1","9,9,999,9,+013,1",,"SYN08042367 21596 82302 10298 20276 40049 333 10354 20280 58013 6002/ 555 00020 10483=",
"42367099999","2024-08-19T03:00:00","4","26.4043","80.410119","123.44","KANPUR CHAKERI, IN","FM-12","99999","V020","230,1,N,0010,1","99999,9,9,9","004000,1,9,9","+0290,1","+0268,1","10045,1",,,,,,"99,9,+00600,1,99,9",,,"9,AGL   ,+99999,+99999","06,99,1,99,9,99,9,00600,1,99,9,99,9","120,M,+0354,1","120,N,+0240,1","9,9,999,9,-004,1",,"SYN004BUFR",
"42367099999","2024-08-19T12:00:00","4","26.4043","80.410119","123.44","KANPUR CHAKERI, IN","FM-12","99999","V020","230,1,N,0010,1","99999,9,9,9","004000,1,9,9","+0330,1","+0269,1","10035,1","99,9999,9,9",,,"0,1,99,9","0,1,99,9","99,9,+00600,1,99,9",,,"9,AGL   ,+99999,+99999","06,99,1,99,9,99,9,00600,1,99,9,99,9",,,"9,9,999,9,-011,1",,"SYN004BUFR",
"42367099999","2024-08-20T03:00:00","4","26.4043","80.410119","123.44","KANPUR CHAKERI, IN","FM-12","99999","V020","230,1,N,0010,1","99999,9,9,9","004000,1,9,9","+0300,1","+0269,1","10033,1","99,9999,9,9",,,"0,1,99,9","0,1,99,9","99,9,+00600,1,99,9",,,"9,AGL   ,+99999,+99999","06,99,1,99,9,99,9,00600,1,99,9,99,9","120,M,+0344,1","120,N,+0264,1","9,9,999,9,-012,1",,"SYN004BUFR",
"42367099999","2024-08-20T09:00:00","4","26.4043","80.410119","123.44","KANPUR CHAKERI, IN","FM-12","99999","V020","999,9,C,0000,1","99999,9,9,9","004000,1,9,9","+0282,1","+0257,1","10024,1","99,9999,9,9",,,"0,1,99,9","0,1,99,9","99,9,+00600,1,99,9",,,"9,AGL   ,+99999,+99999","06,99,1,99,9,99,9,00600,1,99,9,99,9",,,"9,9,999,9,-014,1",,"SYN004BUFR",
"42367099999","2024-08-21T03:00:00","4","26.4043","80.410119","123.44","KANPUR CHAKERI, IN","FM-12","99999","V020","050,1,N,0010,1","99999,9,9,9","004000,1,9,9","+0287,1","+0271,1","10057,1",,,,,,"99,9,+00600,1,99,9",,,"9,AGL   ,+99999,+99999","08,99,1,99,9,99,9,00600,1,99,9,99,9","120,M,+0334,1","120,N,+0268,1","9,9,999,9,+023,1",,"SYN004BUFR",
"42367099999","2024-08-22T12:00:00","4","26.4043","80.410119","123.44","KANPUR CHAKERI, IN","FM-12","99999","V020","999,9,C,0000,1","22000,1,9,9","004000,1,9,9","+0327,1","+0261,1","10033,1","99,9999,9,9",,,"0,1,99,9","0,1,99,9","99,9,+00600,1,99,9",,,"9,AGL   ,+99999,+99999","04,99,1,99,9,99,9,00600,1,99,9,99,9",,,"9,9,999,9,-012,1",,"SYN004BUFR",
"42367099999","2024-08-23T03:00:00","4","26.4043","80.410119","123.44","KANPUR CHAKERI, IN","FM-12","99999","V020","140,1,N,0010,1","22000,1,9,9","004000,1,9,9","+0297,1","+0273,1","10044,1","99,9999,9,9",,,"0,1,99,9","0,1,99,9","99,9,+00600,1,99,9",,,"9,AGL   ,+99999,+99999","04,99,1,99,9,99,9,00600,1,99,9,99,9","120,M,+0336,1","120,N,+0265,1","9,9,999,9,-002,1",,"SYN004BUFR",
"42367099999","2024-08-23T12:00:00","4","26.4043","80.410119","123.44","KANPUR CHAKERI, IN","FM-12","99999","V020","050,1,N,0010,1","22000,1,9,9","004000,1,9,9","+0335,1","+0265,1","10032,1","99,9999,9,9",,,"0,1,99,9","0,1,99,9","99,9,+00600,1,99,9",,,"9,AGL   ,+99999,+99999","02,99,1,99,9,99,9,00600,1,99,9,99,9",,,"9,9,999,9,-001,1",,"SYN004BUFR",
"42367099999","2024-08-24T03:00:00","4","26.4043","80.410119","123.44","KANPUR CHAKERI, IN","FM-12","99999","V020","050,1,N,0010,1","22000,1,9,9","004000,1,9,9","+0297,1","+0265,1","10032,1",,,,,,"99,9,+00600,1,99,9",,,"9,AGL   ,+99999,+99999","04,99,1,99,9,99,9,00600,1,99,9,99,9","120,M,+0352,1","120,N,+0258,1","9,9,999,9,-012,1",,"SYN004BUFR",
"42367099999","2024-08-24T12:00:00","4","26.4043","80.410119","123.44","KANPUR CHAKERI, IN","FM-12","99999","V020","999,9,C,0000,1","99999,9,9,9","004000,1,9,9","+0290,1","+0265,1","10021,1",,,,"0,1,99,9","0,1,99,9","99,9,+00600,1,99,9",,,"9,AGL   ,+99999,+99999","08,99,1,99,9,99,9,00600,1,99,9,99,9",,,"9,9,999,9,-013,1",,"SYN004BUFR",
"42367099999","2024-08-25T03:00:00","4","26.4043","80.410119","123.44","KANPUR CHAKERI, IN","FM-12","99999","V020","140,1,N,0010,1","99999,9,9,N","004000,1,9,9","+0294,1","+0260,1","10011,1","24,0110,3,1",,,,,"99,9,+00800,1,99,9",,,"9,AGL   ,+99999,+99999","06,99,1,99,9,99,9,00800,1,99,9,99,9","240,M,+0328,1","240,N,+0256,1","9,9,999,9,-021,1",,"SYN08042367 21596 61402 10294 20260 40011 333 10328 20256 59021 6011/ 555 00114 10584=",
"42367099999","2024-08-25T12:00:00","4","26.4043","80.410119","123.44","KANPUR CHAKERI, IN","FM-12","99999","V020","050,1,N,0010,1","22000,1,9,N","004000,1,9,9","+0320,1","+0261,1","10001,1",,,,,,"99,9,+00800,1,99,9",,,"9,AGL   ,+99999,+99999","04,99,1,99,9,99,9,00800,1,99,9,99,9","240,M,+0332,1",,"9,9,999,9,-018,1",,"SYN05242367 32596 40502 10320 20261 40001 333 10332 59018=",
"42367099999","2024-08-26T03:00:00","4","26.4043","80.410119","123.44","KANPUR CHAKERI, IN","FM-12","99999","V020","050,1,N,0021,1","22000,1,9,N","004000,1,9,9","+0304,1","+0262,1","09998,1",,,,,,"99,9,+00800,1,99,9",,,"9,AGL   ,+99999,+99999","04,99,1,99,9,99,9,00800,1,99,9,99,9","240,M,+0332,1","240,N,+0264,1","9,9,999,9,-012,1",,"SYN06842367 32596 40504 10304 20262 49998 333 10332 20264 59012 555 10584=",
"42367099999","2024-08-26T12:00:00","4","26.4043","80.410119","123.44","KANPUR CHAKERI, IN","FM-12","99999","V020","999,9,C,0000,1","22000,1,9,9","004000,1,9,9","+0307,1","+0257,1","09993,1",,,,,,"99,9,+00600,1,99,9",,,"9,AGL   ,+99999,+99999","04,99,1,99,9,99,9,00600,1,99,9,99,9",,,"9,9,999,9,-009,1",,"SYN004BUFR",
"42367099999","2024-08-27T03:00:00","4","26.4043","80.410119","123.44","KANPUR CHAKERI, IN","FM-12","99999","V020","140,1,N,0021,1","99999,9,9,9","004000,1,9,9","+0305,1","+0259,1","10038,1",,,,,,"99,9,+00600,1,99,9",,,"9,AGL   ,+99999,+99999","06,99,1,99,9,99,9,00600,1,99,9,99,9","120,M,+0334,1","120,N,+0266,1","9,9,999,9,-040,1",,"SYN004BUFR",
"42367099999","2024-08-27T12:00:00","4","26.4043","80.410119","123.44","KANPUR CHAKERI, IN","FM-12","99999","V020","140,1,N,0010,1","22000,1,9,9","004000,1,9,9","+0310,1","+0238,1","10032,1","99,9999,9,9",,,"0,1,99,9","0,1,99,9","99,9,+00600,1,99,9",,,"9,AGL   ,+99999,+99999","04,99,1,99,9,99,9,00600,1,99,9,99,9",,,"9,9,999,9,+039,1",,"SYN004BUFR",
"42367099999","2024-08-28T03:00:00","4","26.4043","80.410119","123.44","KANPUR CHAKERI, IN","FM-12","99999","V020","230,1,N,0021,1","99999,9,9,N","004000,1,9,9","+0276,1","+0264,1","10030,1","24,0120,3,1",,,,,"99,9,+00800,1,99,9",,,"9,AGL   ,+99999,+99999","08,99,1,99,9,99,9,00800,1,99,9,99,9","240,M,+0326,1","240,N,+0246,1","9,9,999,9,-010,1",,"SYN08042367 21596 82304 10276 20264 40030 333 10326 20246 59010 6012/ 555 00122 10596=",
"42367099999","2024-08-28T12:00:00","4","26.4043","80.410119","123.44","KANPUR CHAKERI, IN","FM-12","99999","V020","230,1,N,0010,1","99999,9,9,9","004000,1,9,9","+0270,1","+0247,1","10024,1",,,,,,"99,9,+00600,1,99,9",,,"9,AGL   ,+99999,+99999","06,99,1,99,9,99,9,00600,1,99,9,99,9",,,"9,9,999,9,-010,1",,"SYN004BUFR",
"42367099999","2024-08-29T12:00:00","4","26.4043","80.410119","123.44","KANPUR CHAKERI, IN","FM-12","99999","V020","230,1,N,0010,1","22000,1,9,9","004000,1,9,9","+0287,1","+0248,1","10037,1","99,9999,9,9",,,"0,1,99,9","0,1,99,9","99,9,+00600,1,99,9",,,"9,AGL   ,+99999,+99999","04,99,1,99,9,99,9,00600,1,99,9,99,9",,,"9,9,999,9,+014,1",,"SYN004BUFR",
"42367099999","2024-08-30T03:00:00","4","26.4043","80.410119","123.44","KANPUR CHAKERI, IN","FM-12","99999","V020","050,1,N,0010,1","22000,1,9,9","004000,1,9,9","+0306,1","+0261,1","10048,1","99,9999,9,9",,,"0,1,99,9","0,1,99,9","99,9,+00600,1,99,9",,,"9,AGL   ,+99999,+99999","02,99,1,99,9,99,9,00600,1,99,9,99,9","120,M,+0344,1","120,N,+0266,1","9,9,999,9,+001,1",,"SYN004BUFR",
"42367099999","2024-08-30T12:00:00","4","26.4043","80.410119","123.44","KANPUR CHAKERI, IN","FM-12","99999","V020","999,9,C,0000,1","22000,1,9,9","004000,1,9,9","+0320,1","+0267,1","10041,1",,,,"0,1,99,9","0,1,99,9","99,9,+00600,1,99,9",,,"9,AGL   ,+99999,+99999","04,99,1,99,9,99,9,00600,1,99,9,99,9",,,"9,9,999,9,+005,1",,"SYN004BUFR",
"42367099999","2024-08-31T03:00:00","4","26.4043","80.410119","123.44","KANPUR CHAKERI, IN","FM-12","99999","V020","320,1,N,0010,1","22000,1,9,9","004000,1,9,9","+0302,1","+0269,1","10043,1",,,,"0,1,99,9","0,1,99,9",,,,,"00,99,1,99,9,99,9,99999,9,99,9,99,9","120,M,+0354,1","120,N,+0260,1","9,9,999,9,-004,1",,"SYN004BUFR",
"42367099999","2024-08-31T12:00:00","4","26.4043","80.410119","123.44","KANPUR CHAKERI, IN","FM-12","99999","V020","320,1,N,0010,1","22000,1,9,9","004000,1,9,9","+0330,1","+0260,1","10028,1","99,9999,9,9",,,"0,1,99,9","0,1,99,9","99,9,+00600,1,99,9",,,"9,AGL   ,+99999,+99999","04,99,1,99,9,99,9,00600,1,99,9,99,9",,,"9,9,999,9,-012,1",,"SYN004BUFR",
"42367099999","2024-09-01T03:00:00","4","26.4043","80.410119","123.44","KANPUR CHAKERI, IN","FM-12","99999","V020","140,1,N,0010,1","22000,1,9,9","004000,1,9,9","+0326,1","+0277,1","10034,1","99,9999,9,9",,,"0,1,99,9","0,1,99,9",,,,,"00,99,1,99,9,99,9,99999,9,99,9,99,9","120,M,+0364,1","120,N,+0274,1","9,9,999,9,-008,1",,"SYN004BUFR",
"42367099999","2024-09-01T12:00:00","4","26.4043","80.410119","123.44","KANPUR CHAKERI, IN","FM-12","99999","V020","050,1,N,0010,1","22000,1,9,9","004000,1,9,9","+0292,1","+0261,1","10032,1","99,9999,9,9",,,"0,1,99,9","0,1,99,9","99,9,+00600,1,99,9",,,"9,AGL   ,+99999,+99999","04,99,1,99,9,99,9,00600,1,99,9,99,9",,,"9,9,999,9,+002,1",,"SYN004BUFR",
"42367099999","2024-09-02T03:00:00","4","26.4043","80.410119","123.44","KANPUR CHAKERI, IN","FM-12","99999","V020","140,1,N,0010,1","99999,9,9,9","004000,1,9,9","+0287,1","+0269,1","10055,1",,,,"0,1,99,9","0,1,99,9","99,9,+00600,1,99,9",,,"9,AGL   ,+99999,+99999","08,99,1,99,9,99,9,00600,1,99,9,99,9","120,M,+0362,1","120,N,+0256,1","9,9,999,9,+018,1",,"SYN004BUFR",
"42367099999","2024-09-02T12:00:00","4","26.4043","80.410119","123.44","KANPUR CHAKERI, IN","FM-12","99999","V020","999,9,C,0000,1","22000,1,9,9","004000,1,9,9","+0325,1","+0263,1","10041,1","99,9999,9,9",,,"0,1,99,9","0,1,99,9","99,9,+04000,1,99,9",,,"9,AGL   ,+99999,+99999","02,99,1,99,9,99,9,04000,1,99,9,99,9",,,"9,9,999,9,+010,1",,"SYN004BUFR",
"42367099999","2024-09-03T03:00:00","4","26.4043","80.410119","123.44","KANPUR CHAKERI, IN","FM-12","99999","V020","140,1,N,0021,1","22000,1,9,9","004000,1,9,9","+0315,1","+0267,1","10051,1","99,9999,9,9",,,"0,1,99,9","0,1,99,9",,,,,"00,99,1,99,9,99,9,99999,9,99,9,99,9","120,M,+0338,1","120,N,+0270,1","9,9,999,9,-002,1",,"SYN004BUFR",
"42367099999","2024-09-03T12:00:00","4","26.4043","80.410119","123.44","KANPUR CHAKERI, IN","FM-12","99999","V020","050,1,N,0010,1","22000,1,9,N","004000,1,9,9","+0338,1","+0260,1","10041,1",,,,,,,,,"9,AGL   ,+99999,+99999","02,99,1,99,9,99,9,99999,9,99,9,99,9","240,M,+0350,1",,"9,9,999,9,+001,1",,"SYN05242367 32996 20502 10338 20260 40041 333 10350 58001=",
"42367099999","2024-09-04T03:00:00","4","26.4043","80.410119","123.44","KANPUR CHAKERI, IN","FM-12","99999","V020","140,1,N,0010,1","22000,1,9,9","004000,1,9,9","+0322,1","+0264,1","10030,1","99,9999,9,9",,,"0,1,99,9","0,1,99,9","99,9,+00600,1,99,9",,,"9,AGL   ,+99999,+99999","02,99,1,99,9,99,9,00600,1,99,9,99,9","120,M,+0350,1","120,N,+0270,1","9,9,999,9,-020,1",,"SYN004BUFR",
"42367099999","2024-09-04T12:00:00","4","26.4043","80.410119","123.44","KANPUR CHAKERI, IN","FM-12","99999","V020","320,1,N,0010,1","22000,1,9,9","004000,1,9,9","+0257,1","+0244,1","10028,1",,,,,,"99,9,+00600,1,99,9",,,"9,AGL   ,+99999,+99999","04,99,1,99,9,99,9,00600,1,99,9,99,9",,,"9,9,999,9,-017,1",,"SYN004BUFR",
"42367099999","2024-09-05T03:00:00","4","26.4043","80.410119","123.44","KANPUR CHAKERI, IN","FM-12","99999","V020","050,1,N,0010,1","22000,1,9,N","004000,1,9,9","+0296,1","+0260,1","10019,1","24,0040,3,1",,,,,"99,9,+00800,1,99,9",,,"9,AGL   ,+99999,+99999","04,99,1,99,9,99,9,00800,1,99,9,99,9","240,M,+0352,1","240,N,+0250,1","9,9,999,9,-013,1",,"SYN08042367 21596 40502 10296 20260 40019 333 10352 20250 59013 6004/ 555 00040 10651=",
"42367099999","2024-09-05T12:00:00","4","26.4043","80.410119","123.44","KANPUR CHAKERI, IN","FM-12","99999","V020","999,9,C,0000,1","22000,1,9,9","004000,1,9,9","+0320,1","+0264,1","10002,1","99,9999,9,9",,,"0,1,99,9","0,1,99,9","99,9,+00600,1,99,9",,,"9,AGL   ,+99999,+99999","02,99,1,99,9,99,9,00600,1,99,9,99,9",,,"9,9,999,9,-022,1",,"SYN004BUFR",
"42367099999","2024-09-06T03:00:00","4","26.4043","80.410119","123.44","KANPUR CHAKERI, IN","FM-12","99999","V020","140,1,N,0010,1","22000,1,9,N","004000,1,9,9","+0284,1","+0259,1","10049,1",,,,,,"99,9,+00800,1,99,9",,,"9,AGL   ,+99999,+99999","04,99,1,99,9,99,9,00800,1,99,9,99,9","240,M,+0330,1","240,N,+0255,1","9,9,999,9,+029,1",,"SYN06842367 32596 41402 10284 20259 40049 333 10330 20255 58029 555 10651=",
"42367099999","2024-09-06T12:00:00","4","26.4043","80.410119","123.44","KANPUR CHAKERI, IN","FM-12","99999","V020","050,1,N,0010,1","22000,1,9,9","004000,1,9,9","+0326,1","+0250,1","10013,1","99,9999,9,9",,,"0,1,99,9","0,1,99,9",,,,,"00,99,1,99,9,99,9,99999,9,99,9,99,9",,,"9,9,999,9,+011,1",,"SYN004BUFR",
"42367099999","2024-09-07T03:00:00","4","26.4043","80.410119","123.44","KANPUR CHAKERI, IN","FM-12","99999","V020","140,1,N,0010,1","22000,1,9,9","004000,1,9,9","+0305,1","+0259,1","10038,1","99,9999,9,9",,,"0,1,99,9","0,1,99,9",,,,,"00,99,1,99,9,99,9,99999,9,99,9,99,9","120,M,+0334,1","120,N,+0260,1","9,9,999,9,-009,1",,"SYN004BUFR",
"42367099999","2024-09-07T12:00:00","4","26.4043","80.410119","123.44","KANPUR CHAKERI, IN","FM-12","99999","V020","230,1,N,0010,1","22000,1,9,9","004000,1,9,9","+0320,1","+0261,1","10020,1","99,9999,9,9",,,"0,1,99,9","0,1,99,9",,,,,"00,99,1,99,9,99,9,99999,9,99,9,99,9",,,"9,9,999,9,+007,1",,"SYN004BUFR",
"42367099999","2024-09-08T03:00:00","4","26.4043","80.410119","123.44","KANPUR CHAKERI, IN","FM-12","99999","V020","140,1,N,0010,1","22000,1,9,9","004000,1,9,9","+0317,1","+0268,1","10036,1","99,9999,9,9",,,"0,1,99,9","0,1,99,9",,,,,"00,99,1,99,9,99,9,99999,9,99,9,99,9","120,M,+0352,1","120,N,+0266,1","9,9,999,9,-002,1",,"SYN004BUFR",
"42367099999","2024-09-08T12:00:00","4","26.4043","80.410119","123.44","KANPUR CHAKERI, IN","FM-12","99999","V020","140,1,N,0010,1","22000,1,9,9","004000,1,9,9","+0347,1","+0262,1","10019,1","99,9999,9,9",,,"0,1,99,9","0,1,99,9","99,9,+00600,1,99,9",,,"9,AGL   ,+99999,+99999","02,99,1,99,9,99,9,00600,1,99,9,99,9",,,"9,9,999,9,+000,1",,"SYN004BUFR",
"42367099999","2024-09-09T03:00:00","4","26.4043","80.410119","123.44","KANPUR CHAKERI, IN","FM-12","99999","V020","320,1,N,0010,1","99999,9,9,N","004000,1,9,9","+0300,1","+0272,1","10017,1",,,,,,,,,,,"240,M,+0356,1","240,N,+0264,1","9,9,999,9,-020,1",,"SYN06842367 32996 03202 10300 20272 40017 333 10356 20264 59020 555 10651=",
"42367099999","2024-09-09T12:00:00","4","26.4043","80.410119","123.44","KANPUR CHAKERI, IN","FM-12","99999","V020","999,9,C,0000,1","22000,1,9,9","004000,1,9,9","+0285,1","+0250,1","10014,1","99,9999,9,9",,,"0,1,99,9","0,1,99,9","99,9,+04000,1,99,9",,,"9,AGL   ,+99999,+99999","04,99,1,99,9,99,9,04000,1,99,9,99,9",,,"9,9,999,9,-008,1",,"SYN004BUFR",
"42367099999","2024-09-10T03:00:00","4","26.4043","80.410119","123.44","KANPUR CHAKERI, IN","FM-12","99999","V020","050,1,N,0010,1","22000,1,9,N","004000,1,9,9","+0304,1","+0268,1","10010,1",,,,,,"99,9,+00800,1,99,9",,,"9,AGL   ,+99999,+99999","04,99,1,99,9,99,9,00800,1,99,9,99,9","240,M,+0348,1","240,N,+0254,1","9,9,999,9,-006,1",,"SYN05842367 32596 40502 10304 20268 40010 333 10348 20254 59006=",
"42367099999","2024-09-10T12:00:00","4","26.4043","80.410119","123.44","KANPUR CHAKERI, IN","FM-12","99999","V020","050,1,N,0010,1","22000,1,9,9","004000,1,9,9","+0342,1","+0290,1","09998,1","99,9999,9,9",,,"0,1,99,9","0,1,99,9","99,9,+00600,1,99,9",,,"9,AGL   ,+99999,+99999","04,99,1,99,9,99,9,00600,1,99,9,99,9",,,"9,9,999,9,-013,1",,"SYN004BUFR",
"42367099999","2024-09-11T12:00:00","4","26.4043","80.410119","123.44","KANPUR CHAKERI, IN","FM-12","99999","V020","050,1,N,0010,1","99999,9,9,9","004000,1,9,9","+0297,1","+0262,1","09952,1",,,,"0,1,99,9","0,1,99,9","99,9,+00600,1,99,9",,,"9,AGL   ,+99999,+99999","08,99,1,99,9,99,9,00600,1,99,9,99,9",,,"9,9,999,9,-048,1",,"SYN004BUFR",
"42367099999","2024-09-12T03:00:00","4","26.4043","80.410119","123.44","KANPUR CHAKERI, IN","FM-12","99999","V020","140,1,N,0021,1","99999,9,9,N","004000,1,9,9","+0274,1","+0248,1","09974,1","24,0140,3,1",,,,,"99,9,+00800,1,99,9",,,"9,AGL   ,+99999,+99999","08,99,1,99,9,99,9,00800,1,99,9,99,9","240,M,+0334,1","240,N,+0250,1","9,9,999,9,-010,1",,"SYN08042367 22596 81404 10274 20248 49974 333 10334 20250 59010 6014/ 555 00138 10700=",
"42367099999","2024-09-12T12:00:00","4","26.4043","80.410119","123.44","KANPUR CHAKERI, IN","FM-12","99999","V020","230,1,N,0010,1","99999,9,9,9","004000,1,9,9","+0257,1","+0246,1","09969,1",,,,,,"99,9,+00600,1,99,9",,,"9,AGL   ,+99999,+99999","06,99,1,99,9,99,9,00600,1,99,9,99,9",,,"9,9,999,9,+015,1",,"SYN004BUFR",
"42367099999","2024-09-13T03:00:00","4","26.4043","80.410119","123.44","KANPUR CHAKERI, IN","FM-12","99999","V020","230,1,N,0010,1","99999,9,9,9","004000,1,9,9","+0277,1","+0255,1","10011,1",,,,,,"99,9,+00600,1,99,9",,,"9,AGL   ,+99999,+99999","08,99,1,99,9,99,9,00600,1,99,9,99,9","120,M,+0282,1","120,N,+0248,1","9,9,999,9,+046,1",,"SYN004BUFR",
"42367099999","2024-09-14T03:00:00","4","26.4043","80.410119","123.44","KANPUR CHAKERI, IN","FM-12","99999","V020","320,1,N,0010,1","22000,1,9,9","004000,1,9,9","+0280,1","+0243,1","10031,1","99,9999,9,9",,,"0,1,99,9","0,1,99,9",,,,,"00,99,1,99,9,99,9,99999,9,99,9,99,9","120,M,+0334,1","120,N,+0238,1","9,9,999,9,+010,1",,"SYN004BUFR",
"42367099999","2024-09-14T12:00:00","4","26.4043","80.410119","123.44","KANPUR CHAKERI, IN","FM-12","99999","V020","320,1,N,0010,1","22000,1,9,9","004000,1,9,9","+0316,1","+0254,1","10024,1","99,9999,9,9",,,"0,1,99,9","0,1,99,9",,,,,"00,99,1,99,9,99,9,99999,9,99,9,99,9",,,"9,9,999,9,+015,1",,"SYN004BUFR",
"42367099999","2024-09-15T03:00:00","4","26.4043","80.410119","123.44","KANPUR CHAKERI, IN","FM-12","99999","V020","320,1,N,0010,1","22000,1,9,9","004000,1,9,9","+0292,1","+0255,1","10027,1","99,9999,9,9",,,"0,1,99,9","0,1,99,9","99,9,+00600,1,99,9",,,"9,AGL   ,+99999,+99999","02,99,1,99,9,99,9,00600,1,99,9,99,9","120,M,+0330,1","120,N,+0250,1","9,9,999,9,-003,1",,"SYN004BUFR",
"42367099999","2024-09-15T12:00:00","4","26.4043","80.410119","123.44","KANPUR CHAKERI, IN","FM-12","99999","V020","320,1,N,0010,1","22000,1,9,9","004000,1,9,9","+0326,1","+0247,1","10010,1","99,9999,9,9",,,"0,1,99,9","0,1,99,9","99,9,+00600,1,99,9",,,"9,AGL   ,+99999,+99999","02,99,1,99,9,99,9,00600,1,99,9,99,9",,,"9,9,999,9,-013,1",,"SYN004BUFR",
"42367099999","2024-09-16T03:00:00","4","26.4043","80.410119","123.44","KANPUR CHAKERI, IN","FM-12","99999","V020","320,1,N,0010,1","99999,9,9,9","004000,1,9,9","+0296,1","+0254,1","10042,1","99,9999,9,9",,,"0,1,99,9","0,1,99,9","99,9,+00600,1,99,9",,,"9,AGL   ,+99999,+99999","06,99,1,99,9,99,9,00600,1,99,9,99,9","120,M,+0326,1","120,N,+0264,1","9,9,999,9,+015,1",,"SYN004BUFR",
"42367099999","2024-09-16T12:00:00","4","26.4043","80.410119","123.44","KANPUR CHAKERI, IN","FM-12","99999","V020","999,9,C,0000,1","22000,1,9,9","004000,1,9,9","+0335,1","+0249,1","10030,1","99,9999,9,9",,,"0,1,99,9","0,1,99,9","99,9,+00600,1,99,9",,,"9,AGL   ,+99999,+99999","04,99,1,99,9,99,9,00600,1,99,9,99,9",,,"9,9,999,9,+020,1",,"SYN004BUFR",
"42367099999","2024-09-17T03:00:00","4","26.4043","80.410119","123.44","KANPUR CHAKERI, IN","FM-12","99999","V020","320,1,N,0010,1","99999,9,9,9","004000,1,9,9","+0292,1","+0258,1","10057,1","99,9999,9,9",,,"0,1,99,9","0,1,99,9","99,9,+00600,1,99,9",,,"9,AGL   ,+99999,+99999","06,99,1,99,9,99,9,00600,1,99,9,99,9","120,M,+0335,1","120,N,+0258,1","9,9,999,9,+015,1",,"SYN004BUFR",
"42367099999","2024-09-18T12:00:00","4","26.4043","80.410119","123.44","KANPUR CHAKERI, IN","FM-12","99999","V020","140,1,N,0010,1","99999,9,9,9","004000,1,9,9","+0300,1","+0249,1","10015,1","99,9999,9,9",,,"0,1,99,9","0,1,99,9","99,9,+00600,1,99,9",,,"9,AGL   ,+99999,+99999","06,99,1,99,9,99,9,00600,1,99,9,99,9",,,"9,9,999,9,-036,1",,"SYN004BUFR",
"42367099999","2024-09-19T03:00:00","4","26.4043","80.410119","123.44","KANPUR CHAKERI, IN","FM-12","99999","V020","140,1,N,0010,1","22000,1,9,9","004000,1,9,9","+0277,1","+0237,1","10047,1",,,,"0,1,99,9","0,1,99,9","99,9,+00600,1,99,9",,,"9,AGL   ,+99999,+99999","04,99,1,99,9,99,9,00600,1,99,9,99,9","120,M,+0312,1","120,N,+0240,1","9,9,999,9,-011,1",,"SYN004BUFR",
"42367099999","2024-09-19T12:00:00","4","26.4043","80.410119","123.44","KANPUR CHAKERI, IN","FM-12","99999","V020","230,1,N,0010,1","22000,1,9,9","004000,1,9,9","+0312,1","+0240,1","10040,1","99,9999,9,9",,,"0,1,99,9","0,1,99,9","99,9,+00600,1,99,9",,,"9,AGL   ,+99999,+99999","04,99,1,99,9,99,9,00600,1,99,9,99,9",,,"9,9,999,9,+025,1",,"SYN004BUFR",
"42367099999","2024-09-20T03:00:00","4","26.4043","80.410119","123.44","KANPUR CHAKERI, IN","FM-12","99999","V020","230,1,N,0010,1","22000,1,9,9","004000,1,9,9","+0290,1","+0250,1","10061,1","99,9999,9,9",,,"0,1,99,9","0,1,99,9","99,9,+00600,1,99,9",,,"9,AGL   ,+99999,+99999","02,99,1,99,9,99,9,00600,1,99,9,99,9","120,M,+0324,1","120,N,+0234,1","9,9,999,9,+014,1",,"SYN004BUFR",
"42367099999","2024-09-20T12:00:00","4","26.4043","80.410119","123.44","KANPUR CHAKERI, IN","FM-12","99999","V020","320,1,N,0010,1","22000,1,9,9","004000,1,9,9","+0322,1","+0248,1","10048,1","99,9999,9,9",,,"0,1,99,9","0,1,99,9","99,9,+00600,1,99,9",,,"9,AGL   ,+99999,+99999","02,99,1,99,9,99,9,00600,1,99,9,99,9",,,"9,9,999,9,+008,1",,"SYN004BUFR",
"42367099999","2024-09-21T03:00:00","4","26.4043","80.410119","123.44","KANPUR CHAKERI, IN","FM-12","99999","V020","320,1,N,0010,1","22000,1,9,9","004000,1,9,9","+0310,1","+0260,1","10069,1","99,9999,9,9",,,"0,1,99,9","0,1,99,9","99,9,+00600,1,99,9",,,"9,AGL   ,+99999,+99999","02,99,1,99,9,99,9,00600,1,99,9,99,9","120,M,+0334,1","120,N,+0246,1","9,9,999,9,+009,1",,"SYN004BUFR",
"42367099999","2024-09-21T12:00:00","4","26.4043","80.410119","123.44","KANPUR CHAKERI, IN","FM-12","99999","V020","320,1,N,0010,1","22000,1,9,9","004000,1,9,9","+0322,1","+0245,1","10044,1","99,9999,9,9",,,"0,1,99,9","0,1,99,9","99,9,+00600,1,99,9",,,"9,AGL   ,+99999,+99999","02,99,1,99,9,99,9,00600,1,99,9,99,9",,,"9,9,999,9,-004,1",,"SYN004BUFR",
"42367099999","2024-09-22T12:00:00","4","26.4043","80.410119","123.44","KANPUR CHAKERI, IN","FM-12","99999","V020","320,1,N,0010,1","22000,1,9,9","004000,1,9,9","+0330,1","+0260,1","10050,1","99,9999,9,9",,,"0,1,99,9","0,1,99,9",,,,,"00,99,1,99,9,99,9,99999,9,99,9,99,9",,,"9,9,999,9,+007,1",,"SYN004BUFR",
"42367099999","2024-09-23T03:00:00","4","26.4043","80.410119","123.44","KANPUR CHAKERI, IN","FM-12","99999","V020","320,1,N,0010,1","99999,9,9,N","004000,1,9,9","+0312,1","+0265,1","10072,1",,,,,,,,,,,"240,M,+0342,1","240,N,+0254,1","9,9,999,9,+013,1",,"SYN06842367 32996 03202 10312 20265 40072 333 10342 20254 58013 555 10857=",
"42367099999","2024-09-23T12:00:00","4","26.4043","80.410119","123.44","KANPUR CHAKERI, IN","FM-12","99999","V020","999,9,C,0000,1","22000,1,9,9","004000,1,9,9","+0340,1","+0256,1","10038,1","99,9999,9,9",,,"0,1,99,9","0,1,99,9",,,,,"00,99,1,99,9,99,9,99999,9,99,9,99,9",,,"9,9,999,9,-012,1",,"SYN004BUFR",
"42367099999","2024-09-24T03:00:00","4","26.4043","80.410119","123.44","KANPUR CHAKERI, IN","FM-12","99999","V020","999,9,C,0000,1","22000,1,9,9","004000,1,9,9","+0315,1","+0278,1","10047,1","99,9999,9,9",,,"0,1,99,9","0,1,99,9","99,9,+00600,1,99,9",,,"9,AGL   ,+99999,+99999","04,99,1,99,9,99,9,00600,1,99,9,99,9","120,M,+0352,1","120,N,+0264,1","9,9,999,9,-025,1",,"SYN004BUFR",
"42367099999","2024-09-24T12:00:00","4","26.4043","80.410119","123.44","KANPUR CHAKERI, IN","FM-12","99999","V020","999,9,C,0000,1","22000,1,9,9","004000,1,9,9","+0350,1","+0270,1","10025,1","99,9999,9,9",,,"0,1,99,9","0,1,99,9",,,,,"00,99,1,99,9,99,9,99999,9,99,9,99,9",,,"9,9,999,9,-012,1",,"SYN004BUFR",
"42367099999","2024-09-25T03:00:00","4","26.4043","80.410119","123.44","KANPUR CHAKERI, IN","FM-12","99999","V020","030,1,N,0041,1","22000,1,9,N","004000,1,9,9","+9999,9","+0260,1","10051,1",,,,,,,,,"9,AGL   ,+99999,+99999","01,99,1,99,9,99,9,99999,9,99,9,99,9","240,M,+0364,1","240,N,+0270,1","9,9,999,9,+003,1",,"SYN06242367 32996 10308 20260 40051 333 10364 20270 58003 555 10857=",
"42367099999","2024-09-26T12:00:00","4","26.4043","80.410119","123.44","KANPUR CHAKERI, IN","FM-12","99999","V020","050,1,N,0010,1","99999,9,9,9","004000,1,9,9","+0296,1","+0260,1","10033,1",,,,,,"99,9,+00600,1,99,9",,,"9,AGL   ,+99999,+99999","06,99,1,99,9,99,9,00600,1,99,9,99,9",,,"9,9,999,9,+001,1",,"SYN004BUFR",
"42367099999","2024-09-27T03:00:00","4","26.4043","80.410119","123.44","KANPUR CHAKERI, IN","FM-12","99999","V020","140,1,N,0010,1","99999,9,9,9","004000,1,9,9","+0267,1","+0251,1","10022,1",,,,,,"99,9,+00600,1,99,9",,,"9,AGL   ,+99999,+99999","08,99,1,99,9,99,9,00600,1,99,9,99,9","120,M,+0298,1","120,N,+0244,1","9,9,999,9,-014,1",,"SYN004BUFR",
"42367099999","2024-09-27T12:00:00","4","26.4043","80.410119","123.44","KANPUR CHAKERI, IN","FM-12","99999","V020","140,1,N,0010,1","99999,9,9,9","004000,1,9,9","+0266,1","+0257,1","10019,1",,,,,,"99,9,+00600,1,99,9",,,"9,AGL   ,+99999,+99999","08,99,1,99,9,99,9,00600,1,99,9,99,9",,,"9,9,999,9,-015,1",,"SYN004BUFR",
"42367099999","2024-09-28T03:00:00","4","26.4043","80.410119","123.44","KANPUR CHAKERI, IN","FM-12","99999","V020","140,1,N,0010,1","99999,9,9,N","004000,1,9,9","+0264,1","+0253,1","09989,1","24,0290,3,1",,,,,"99,9,+00800,1,99,9",,,"9,AGL   ,+99999,+99999","08,99,1,99,9,99,9,00800,1,99,9,99,9","240,M,+0300,1","240,N,+0242,1","9,9,999,9,-032,1",,"SYN08042367 21596 81402 10264 20253 49989 333 10300 20242 59032 6029/ 555 00292 10896=",
"42367099999","2024-09-28T12:00:00","4","26.4043","80.410119","123.44","KANPUR CHAKERI, IN","FM-12","99999","V020","050,1,N,0010,1","99999,9,9,9","004000,1,9,9","+0265,1","+0255,1","10044,1",,,,"0,1,99,9","0,1,99,9","99,9,+00600,1,99,9",,,"9,AGL   ,+99999,+99999","08,99,1,99,9,99,9,00600,1,99,9,99,9",,,"9,9,999,9,+025,1",,"SYN004BUFR",
"42367099999","2024-09-29T12:00:00","4","26.4043","80.410119","123.44","KANPUR CHAKERI, IN","FM-12","99999","V020","050,1,N,0010,1","22000,1,9,9","004000,1,9,9","+0290,1","+0253,1","10062,1","99,9999,9,9",,,"0,1,99,9","0,1,99,9","99,9,+00600,1,99,9",,,"9,AGL   ,+99999,+99999","04,99,1,99,9,99,9,00600,1,99,9,99,9",,,"9,9,999,9,+019,1",,"SYN004BUFR",
"42367099999","2024-09-30T12:00:00","4","26.4043","80.410119","123.44","KANPUR CHAKERI, IN","FM-12","99999","V020","320,1,N,0026,1","22000,1,9,9","004000,1,9,9","+0312,1","+0253,1","10052,1","99,9999,9,9",,,"0,1,99,9","0,1,99,9","99,9,+00600,1,99,9",,,"9,AGL   ,+99999,+99999","04,99,1,99,9,99,9,00600,1,99,9,99,9",,,"9,9,999,9,-009,1",,"SYN004BUFR",
"42367099999","2024-10-01T03:00:00","4","26.4043","80.410119","123.44","KANPUR CHAKERI, IN","FM-12","99999","V020","320,1,N,0010,1","22000,1,9,9","004000,1,9,9","+0296,1","+0257,1","10063,1","99,9999,9,9",,,"0,1,99,9","0,1,99,9",,,,,"00,99,1,99,9,99,9,99999,9,99,9,99,9","120,M,+0336,1","120,N,+0254,1","9,9,999,9,-024,1",,"SYN004BUFR",
"42367099999","2024-10-01T12:00:00","4","26.4043","80.410119","123.44","KANPUR CHAKERI, IN","FM-12","99999","V020","320,1,N,0010,1","22000,1,9,9","004000,1,9,9","+0337,1","+0241,1","10050,1","99,9999,9,9",,,"0,1,99,9","0,1,99,9",,,,,"00,99,1,99,9,99,9,99999,9,99,9,99,9",,,"9,9,999,9,-001,1",,"SYN004BUFR",
"42367099999","2024-10-02T03:00:00","4","26.4043","80.410119","123.44","KANPUR CHAKERI, IN","FM-12","99999","V020","320,1,N,0010,1","22000,1,9,9","004000,1,9,9","+0305,1","+0265,1","10048,1","99,9999,9,9",,,"0,1,99,9","0,1,99,9",,,,,"00,99,1,99,9,99,9,99999,9,99,9,99,9","120,M,+0346,1","120,N,+0258,1","9,9,999,9,-015,1",,"SYN004BUFR",
"42367099999","2024-10-02T12:00:00","4","26.4043","80.410119","123.44","KANPUR CHAKERI, IN","FM-12","99999","V020","320,1,N,0010,1","22000,1,9,9","004000,1,9,9","+0335,1","+0252,1","10037,1","99,9999,9,9",,,"0,1,99,9","0,1,99,9",,,,,"00,99,1,99,9,99,9,99999,9,99,9,99,9",,,"9,9,999,9,-013,1",,"SYN004BUFR",
"42367099999","2024-10-03T03:00:00","4","26.4043","80.410119","123.44","KANPUR CHAKERI, IN","FM-12","99999","V020","320,1,N,0010,1","22000,1,9,9","004000,1,9,9","+0295,1","+0242,1","10049,1","99,9999,9,9",,,"0,1,99,9","0,1,99,9",,,,,"00,99,1,99,9,99,9,99999,9,99,9,99,9","120,M,+0352,1","120,N,+0236,1","9,9,999,9,+001,1",,"SYN004BUFR",
"42367099999","2024-10-04T03:00:00","4","26.4043","80.410119","123.44","KANPUR CHAKERI, IN","FM-12","99999","V020","320,1,N,0010,1","22000,1,9,9","004000,1,9,9","+0296,1","+0257,1","10053,1","99,9999,9,9",,,"0,1,99,9","0,1,99,9",,,,,"00,99,1,99,9,99,9,99999,9,99,9,99,9","120,M,+0350,1","120,N,+0236,1","9,9,999,9,+004,1",,"SYN004BUFR",
"42367099999","2024-10-04T12:00:00","4","26.4043","80.410119","123.44","KANPUR CHAKERI, IN","FM-12","99999","V020","320,1,N,0010,1","22000,1,9,9","004000,1,9,9","+0332,1","+0260,1","10040,1","99,9999,9,9",,,"0,1,99,9","0,1,99,9",,,,,"00,99,1,99,9,99,9,99999,9,99,9,99,9",,,"9,9,999,9,+029,1",,"SYN004BUFR",
"42367099999","2024-10-05T03:00:00","4","26.4043","80.410119","123.44","KANPUR CHAKERI, IN","FM-12","99999","V020","320,1,N,0010,1","22000,1,9,9","004000,1,9,9","+0297,1","+0244,1","10072,1","99,9999,9,9",,,"0,1,99,9","0,1,99,9",,,,,"00,99,1,99,9,99,9,99999,9,99,9,99,9","120,M,+0354,1","120,N,+0245,1","9,9,999,9,+019,1",,"SYN004BUFR",
"42367099999","2024-10-05T12:00:00","4","26.4043","80.410119","123.44","KANPUR CHAKERI, IN","FM-12","99999","V020","320,1,N,0010,1","22000,1,9,9","004000,1,9,9","+0337,1","+0244,1","10060,1","99,9999,9,9",,,"0,1,99,9","0,1,99,9",,,,,"00,99,1,99,9,99,9,99999,9,99,9,99,9",,,"9,9,999,9,+020,1",,"SYN004BUFR",
"42367099999","2024-10-06T03:00:00","4","26.4043","80.410119","123.44","KANPUR CHAKERI, IN","FM-12","99999","V020","050,1,N,0010,1","22000,1,9,9","004000,1,9,9","+0286,1","+0246,1","10104,1","99,9999,9,9",,,"0,1,99,9","0,1,99,9",,,,,"00,99,1,99,9,99,9,99999,9,99,9,99,9","120,M,+0354,1","120,N,+0237,1","9,9,999,9,+030,1",,"SYN004BUFR",
"42367099999","2024-10-06T12:00:00","4","26.4043","80.410119","123.44","KANPUR CHAKERI, IN","FM-12","99999","V020","320,1,N,0010,1","22000,1,9,9","004000,1,9,9","+0340,1","+0256,1","10096,1",,,,,,"99,9,+00600,1,99,9",,,"9,AGL   ,+99999,+99999","04,99,1,99,9,99,9,00600,1,99,9,99,9",,,"9,9,999,9,+035,1",,"SYN004BUFR",
"42367099999","2024-10-07T03:00:00","4","26.4043","80.410119","123.44","KANPUR CHAKERI, IN","FM-12","99999","V020","050,1,N,0010,1","22000,1,9,9","004000,1,9,9","+0280,1","+0260,1","10135,1",,,,,,"99,9,+00600,1,99,9",,,"9,AGL   ,+99999,+99999","04,99,1,99,9,99,9,00600,1,99,9,99,9","120,M,+0346,1","120,N,+0218,1","9,9,999,9,+031,1",,"SYN004BUFR",
"42367099999","2024-10-07T12:00:00","4","26.4043","80.410119","123.44","KANPUR CHAKERI, IN","FM-12","99999","V020","320,1,N,0010,1","99999,9,9,9","004000,1,9,9","+0280,1","+0224,1","10118,1",,,,"0,1,99,9","0,1,99,9","99,9,+00600,1,99,9",,,"9,AGL   ,+99999,+99999","06,99,1,99,9,99,9,00600,1,99,9,99,9",,,"9,9,999,9,+019,1",,"SYN004BUFR",
"42367099999","2024-10-08T03:00:00","4","26.4043","80.410119","123.44","KANPUR CHAKERI, IN","FM-12","99999","V020","999,9,C,0000,1","22000,1,9,9","004000,1,9,9","+0276,1","+0250,1","10131,1",,,,"0,1,99,9","0,1,99,9",,,,,"00,99,1,99,9,99,9,99999,9,99,9,99,9","120,M,+0348,1","120,N,+0232,1","9,9,999,9,-004,1",,"SYN004BUFR",
"42367099999","2024-10-08T12:00:00","4","26.4043","80.410119","123.44","KANPUR CHAKERI, IN","FM-12","99999","V020","999,9,C,0000,1","22000,1,9,9","004000,1,9,9","+0322,1","+0239,1","10103,1","99,9999,9,9",,,"0,1,99,9","0,1,99,9",,,,,"00,99,1,99,9,99,9,99999,9,99,9,99,9",,,"9,9,999,9,-013,1",,"SYN004BUFR",
"42367099999","2024-10-09T12:00:00","4","26.4043","80.410119","123.44","KANPUR CHAKERI, IN","FM-12","99999","V020","230,1,N,0010,1","22000,1,9,9","004000,1,9,9","+0326,1","+0217,1","10081,1","99,9999,9,9",,,"0,1,99,9","0,1,99,9",,,,,"00,99,1,99,9,99,9,99999,9,99,9,99,9",,,"9,9,999,9,-021,1",,"SYN004BUFR",
"42367099999","2024-10-10T03:00:00","4","26.4043","80.410119","123.44","KANPUR CHAKERI, IN","FM-12","99999","V020","140,1,N,0010,1","22000,1,9,9","004000,1,9,9","+0270,1","+0235,1","10099,1","99,9999,9,9",,,"0,1,99,9","0,1,99,9",,,,,"00,99,1,99,9,99,9,99999,9,99,9,99,9","120,M,+0354,1","120,N,+0226,1","9,9,999,9,-009,1",,"SYN004BUFR",
"42367099999","2024-10-10T12:00:00","4","26.4043","80.410119","123.44","KANPUR CHAKERI, IN","FM-12","99999","V020","999,9,C,0000,1","22000,1,9,9","004000,1,9,9","+0310,1","+0222,1","10083,1","99,9999,9,9",,,"0,1,99,9","0,1,99,9","99,9,+00600,1,99,9",,,"9,AGL   ,+99999,+99999","02,99,1,99,9,99,9,00600,1,99,9,99,9",,,"9,9,999,9,+002,1",,"SYN004BUFR",
"42367099999","2024-10-11T03:00:00","4","26.4043","80.410119","123.44","KANPUR CHAKERI, IN","FM-12","99999","V020","140,1,N,0010,1","22000,1,9,9","004000,1,9,9","+0270,1","+0206,1","10098,1","99,9999,9,9",,,"0,1,99,9","0,1,99,9","99,9,+00600,1,99,9",,,"9,AGL   ,+99999,+99999","04,99,1,99,9,99,9,00600,1,99,9,99,9","120,M,+0330,1","120,N,+0224,1","9,9,999,9,-001,1",,"SYN004BUFR",
"42367099999","2024-10-12T03:00:00","4","26.4043","80.410119","123.44","KANPUR CHAKERI, IN","FM-12","99999","V020","999,9,C,0000,1","99999,9,9,9","004000,1,9,9","+0266,1","+0228,1","10112,1","99,9999,9,9",,,"0,1,99,9","0,1,99,9","99,9,+00600,1,99,9",,,"9,AGL   ,+99999,+99999","06,99,1,99,9,99,9,00600,1,99,9,99,9","120,M,+0340,1","120,N,+0228,1","9,9,999,9,+014,1",,"SYN004BUFR",
"42367099999","2024-10-12T12:00:00","4","26.4043","80.410119","123.44","KANPUR CHAKERI, IN","FM-12","99999","V020","999,9,C,0000,1","22000,1,9,9","004000,1,9,9","+0300,1","+0207,1","10094,1","99,9999,9,9",,,"0,1,99,9","0,1,99,9",,,,,"00,99,1,99,9,99,9,99999,9,99,9,99,9",,,"9,9,999,9,-001,1",,"SYN004BUFR",
"42367099999","2024-10-13T03:00:00","4","26.4043","80.410119","123.44","KANPUR CHAKERI, IN","FM-12","99999","V020","999,9,C,0000,1","99999,9,9,9","004000,1,9,9","+0276,1","+0223,1","10126,1","99,9999,9,9",,,"0,1,99,9","0,1,99,9","99,9,+00600,1,99,9",,,"9,AGL   ,+99999,+99999","08,99,1,99,9,99,9,00600,1,99,9,99,9","120,M,+0344,1","120,N,+0234,1","9,9,999,9,+014,1",,"SYN004BUFR",
"42367099999","2024-10-13T12:00:00","4","26.4043","80.410119","123.44","KANPUR CHAKERI, IN","FM-12","99999","V020","999,9,C,0000,1","22000,1,9,9","004000,1,9,9","+0302,1","+0213,1","10111,1","99,9999,9,9",,,"0,1,99,9","0,1,99,9","99,9,+04000,1,99,9",,,"9,AGL   ,+99999,+99999","04,99,1,99,9,99,9,04000,1,99,9,99,9",,,"9,9,999,9,+015,1",,"SYN004BUFR",
"42367099999","2024-10-14T03:00:00","4","26.4043","80.410119","123.44","KANPUR CHAKERI, IN","FM-12","99999","V020","999,9,C,0000,1","99999,9,9,9","004000,1,9,9","+0270,1","+0238,1","10126,1","99,9999,9,9",,,"0,1,99,9","0,1,99,9","99,9,+00600,1,99,9",,,"9,AGL   ,+99999,+99999","08,99,1,99,9,99,9,00600,1,99,9,99,9","120,M,+0314,1","120,N,+0240,1","9,9,999,9,+000,1",,"SYN004BUFR",
"42367099999","2024-10-14T12:00:00","4","26.4043","80.410119","123.44","KANPUR CHAKERI, IN","FM-12","99999","V020","999,9,C,0000,1","22000,1,9,9","004000,1,9,9","+0310,1","+0198,1","10115,1","99,9999,9,9",,,"0,1,99,9","0,1,99,9",,,,,"00,99,1,99,9,99,9,99999,9,99,9,99,9",,,"9,9,999,9,+005,1",,"SYN004BUFR",
"42367099999","2024-10-15T03:00:00","4","26.4043","80.410119","123.44","KANPUR CHAKERI, IN","FM-12","99999","V020","140,1,N,0010,1","22000,1,9,9","004000,1,9,9","+0262,1","+0223,1","10114,1","99,9999,9,9",,,"0,1,99,9","0,1,99,9",,,,,"00,99,1,99,9,99,9,99999,9,99,9,99,9","120,M,+0310,1","120,N,+0210,1","9,9,999,9,-012,1",,"SYN004BUFR",
"42367099999","2024-10-15T12:00:00","4","26.4043","80.410119","123.44","KANPUR CHAKERI, IN","FM-12","99999","V020","999,9,C,0000,1","22000,1,9,9","004000,1,9,9","+0307,1","+0236,1","10103,1","99,9999,9,9",,,"0,1,99,9","0,1,99,9",,,,,"00,99,1,99,9,99,9,99999,9,99,9,99,9",,,"9,9,999,9,-013,1",,"SYN004BUFR",
"42367099999","2024-10-16T03:00:00","4","26.4043","80.410119","123.44","KANPUR CHAKERI, IN","FM-12","99999","V020","999,9,C,0000,1","22000,1,9,9","004000,1,9,9","+0240,1","+0222,1","10110,1","99,9999,9,9",,,"0,1,99,9","0,1,99,9",,,,,"00,99,1,99,9,99,9,99999,9,99,9,99,9","120,M,+0342,1","120,N,+0186,1","9,9,999,9,-006,1",,"SYN004BUFR",
"42367099999","2024-10-16T12:00:00","4","26.4043","80.410119","123.44","KANPUR CHAKERI, IN","FM-12","99999","V020","999,9,C,0000,1","22000,1,9,9","004000,1,9,9","+0330,1","+0149,1","10094,1","99,9999,9,9",,,"0,1,99,9","0,1,99,9",,,,,"00,99,1,99,9,99,9,99999,9,99,9,99,9",,,"9,9,999,9,-007,1",,"SYN004BUFR",
"42367099999","2024-10-17T03:00:00","4","26.4043","80.410119","123.44","KANPUR CHAKERI, IN","FM-12","99999","V020","999,9,C,0000,1","22000,1,9,9","004000,1,9,9","+0247,1","+0221,1","10111,1","99,9999,9,9",,,"0,1,99,9","0,1,99,9","99,9,+00600,1,99,9",,,"9,AGL   ,+99999,+99999","02,99,1,99,9,99,9,00600,1,99,9,99,9","120,M,+0344,1","120,N,+0190,1","9,9,999,9,+002,1",,"SYN004BUFR",
"42367099999","2024-10-17T12:00:00","4","26.4043","80.410119","123.44","KANPUR CHAKERI, IN","FM-12","99999","V020","999,9,C,0000,1","22000,1,9,9","004000,1,9,9","+0330,1","+0229,1","10093,1","99,9999,9,9",,,"0,1,99,9","0,1,99,9",,,,,"00,99,1,99,9,99,9,99999,9,99,9,99,9",,,"9,9,999,9,-001,1",,"SYN004BUFR",
"42367099999","2024-10-18T03:00:00","4","26.4043","80.410119","123.44","KANPUR CHAKERI, IN","FM-12","99999","V020","140,1,N,0010,1","22000,1,9,9","004000,1,9,9","+0257,1","+0216,1","10101,1","99,9999,9,9",,,"0,1,99,9","0,1,99,9","99,9,+00600,1,99,9",,,"9,AGL   ,+99999,+99999","02,99,1,99,9,99,9,00600,1,99,9,99,9","120,M,+0344,1","120,N,+0188,1","9,9,999,9,-009,1",,"SYN004BUFR",
"42367099999","2024-10-18T12:00:00","4","26.4043","80.410119","123.44","KANPUR CHAKERI, IN","FM-12","99999","V020","999,9,C,0000,1","22000,1,9,9","004000,1,9,9","+0327,1","+0180,1","10089,1","99,9999,9,9",,,"0,1,99,9","0,1,99,9",,,,,"00,99,1,99,9,99,9,99999,9,99,9,99,9",,,"9,9,999,9,-004,1",,"SYN004BUFR",
"42367099999","2024-10-19T03:00:00","4","26.4043","80.410119","123.44","KANPUR CHAKERI, IN","FM-12","99999","V020","999,9,C,0000,1","22000,1,9,9","004000,1,9,9","+0242,1","+0221,1","10123,1","99,9999,9,9",,,"0,1,99,9","0,1,99,9",,,,,"00,99,1,99,9,99,9,99999,9,99,9,99,9","120,M,+0352,1","120,N,+0190,1","9,9,999,9,+021,1",,"SYN004BUFR",
"42367099999","2024-10-20T03:00:00","4","26.4043","80.410119","123.44","KANPUR CHAKERI, IN","FM-12","99999","V020","140,1,N,0010,1","22000,1,9,9","004000,1,9,9","+0266,1","+0218,1","10127,1","99,9999,9,9",,,"0,1,99,9","0,1,99,9",,,,,"00,99,1,99,9,99,9,99999,9,99,9,99,9","120,M,+0352,1","120,N,+0216,1","9,9,999,9,+005,1",,"SYN004BUFR",
"42367099999","2024-10-20T12:00:00","4","26.4043","80.410119","123.44","KANPUR CHAKERI, IN","FM-12","99999","V020","050,1,N,0010,1","22000,1,9,9","004000,1,9,9","+0340,1","+0180,1","10111,1","99,9999,9,9",,,"0,1,99,9","0,1,99,9",,,,,"00,99,1,99,9,99,9,99999,9,99,9,99,9",,,"9,9,999,9,+022,1",,"SYN004BUFR",
"42367099999","2024-10-21T03:00:00","4","26.4043","80.410119","123.44","KANPUR CHAKERI, IN","FM-12","99999","V020","999,9,C,0000,1","22000,1,9,9","004000,1,9,9","+0262,1","+0227,1","10133,1","99,9999,9,9",,,"0,1,99,9","0,1,99,9","99,9,+04000,1,99,9",,,"9,AGL   ,+99999,+99999","02,99,1,99,9,99,9,04000,1,99,9,99,9","120,M,+0360,1","120,N,+0207,1","9,9,999,9,+006,1",,"SYN004BUFR",
"42367099999","2024-10-21T12:00:00","4","26.4043","80.410119","123.44","KANPUR CHAKERI, IN","FM-12","99999","V020","050,1,N,0010,1","22000,1,9,9","004000,1,9,9","+0327,1","+0213,1","10106,1","99,9999,9,9",,,"0,1,99,9","0,1,99,9",,,,,"00,99,1,99,9,99,9,99999,9,99,9,99,9",,,"9,9,999,9,-006,1",,"SYN004BUFR",
"42367099999","2024-10-22T03:00:00","4","26.4043","80.410119","123.44","KANPUR CHAKERI, IN","FM-12","99999","V020","999,9,C,0000,1","22000,1,9,9","004000,1,9,9","+0257,1","+0235,1","10138,1","99,9999,9,9",,,"0,1,99,9","0,1,99,9",,,,,"00,99,1,99,9,99,9,99999,9,99,9,99,9","120,M,+0344,1","120,N,+0206,1","9,9,999,9,-004,1",,"SYN004BUFR",
"42367099999","2024-10-23T03:00:00","4","26.4043","80.410119","123.44","KANPUR CHAKERI, IN","FM-12","99999","V020","999,9,C,0000,1","99999,9,9,N","004000,1,9,9","+0254,1","+0229,1","10129,1",,,,,,,,,,,"240,M,+0344,1","240,N,+0200,1","9,9,999,9,-009,1",,"SYN06842367 32996 00000 10254 20229 40129 333 10344 20200 59009 555 10011=",
"42367099999","2024-10-23T12:00:00","4","26.4043","80.410119","123.44","KANPUR CHAKERI, IN","FM-12","99999","V020","999,9,C,0000,1","22000,1,9,9","004000,1,9,9","+0312,1","+0218,1","10100,1","99,9999,9,9",,,"0,1,99,9","0,1,99,9",,,,,"00,99,1,99,9,99,9,99999,9,99,9,99,9",,,"9,9,999,9,-024,1",,"SYN004BUFR",
"42367099999","2024-10-25T03:00:00","4","26.4043","80.410119","123.44","KANPUR CHAKERI, IN","FM-12","99999","V020","999,9,C,0000,1","22000,1,9,9","004000,1,9,9","+0237,1","+0217,1","10112,1","99,9999,9,9",,,"0,1,99,9","0,1,99,9",,,,,"00,99,1,99,9,99,9,99999,9,99,9,99,9","120,M,+0342,1","120,N,+0190,1","9,9,999,9,+000,1",,"SYN004BUFR",
"42367099999","2024-10-26T03:00:00","4","26.4043","80.410119","123.44","KANPUR CHAKERI, IN","FM-12","99999","V020","140,1,N,0010,1","22000,1,9,9","004000,1,9,9","+0262,1","+0223,1","10104,1","99,9999,9,9",,,"0,1,99,9","0,1,99,9",,,,,"00,99,1,99,9,99,9,99999,9,99,9,99,9","120,M,+0344,1","120,N,+0210,1","9,9,999,9,-007,1",,"SYN004BUFR",
"42367099999","2024-10-26T12:00:00","4","26.4043","80.410119","123.44","KANPUR CHAKERI, IN","FM-12","99999","V020","050,1,N,0010,1","22000,1,9,9","004000,1,9,9","+0312,1","+0218,1","10087,1","99,9999,9,9",,,"0,1,99,9","0,1,99,9",,,,,"00,99,1,99,9,99,9,99999,9,99,9,99,9",,,"9,9,999,9,+005,1",,"SYN004BUFR",
"42367099999","2024-10-27T03:00:00","4","26.4043","80.410119","123.44","KANPUR CHAKERI, IN","FM-12","99999","V020","140,1,N,0010,1","99999,9,9,N","004000,1,9,9","+0274,1","+0224,1","10113,1",,,,,,,,,,,"240,M,+0344,1","240,N,+0204,1","9,9,999,9,+009,1",,"SYN06842367 32996 01402 10274 20224 40113 333 10344 20204 58009 555 10011=",
"42367099999","2024-10-28T12:00:00","4","26.4043","80.410119","123.44","KANPUR CHAKERI, IN","FM-12","99999","V020","050,1,N,0010,1","22000,1,9,9","004000,1,9,9","+0326,1","+0217,1","10084,1","99,9999,9,9",,,"0,1,99,9","0,1,99,9","99,9,+00600,1,99,9",,,"9,AGL   ,+99999,+99999","02,99,1,99,9,99,9,00600,1,99,9,99,9",,,"9,9,999,9,+010,1",,"SYN004BUFR",
"42367099999","2024-10-30T03:00:00","4","26.4043","80.410119","123.44","KANPUR CHAKERI, IN","FM-12","99999","V020","999,9,C,0000,1","99999,9,9,N","004000,1,9,9","+0276,1","+0223,1","10106,1",,,,,,,,,,,"240,M,+0342,1","240,N,+0196,1","9,9,999,9,+004,1",,"SYN06842367 32996 00000 10276 20223 40106 333 10342 20196 58004 555 10011=",
"42367099999","2024-10-30T12:00:00","4","26.4043","80.410119","123.44","KANPUR CHAKERI, IN","FM-12","99999","V020","230,1,N,0010,1","22000,1,9,9","004000,1,9,9","+0345,1","+0204,1","10091,1","99,9999,9,9",,,"0,1,99,9","0,1,99,9",,,,,"00,99,1,99,9,99,9,99999,9,99,9,99,9",,,"9,9,999,9,+000,1",,"SYN004BUFR",
"42367099999","2024-10-31T03:00:00","4","26.4043","80.410119","123.44","KANPUR CHAKERI, IN","FM-12","99999","V020","230,1,N,0010,1","22000,1,9,9","004000,1,9,9","+0256,1","+0226,1","10114,1","99,9999,9,9",,,"0,1,99,9","0,1,99,9",,,,,"00,99,1,99,9,99,9,99999,9,99,9,99,9","120,M,+0352,1","120,N,+0200,1","9,9,999,9,+007,1",,"SYN004BUFR",
"42367099999","2024-10-31T12:00:00","4","26.4043","80.410119","123.44","KANPUR CHAKERI, IN","FM-12","99999","V020","320,1,N,0010,1","22000,1,9,9","004000,1,9,9","+0332,1","+0211,1","10103,1","99,9999,9,9",,,"0,1,99,9","0,1,99,9",,,,,"00,99,1,99,9,99,9,99999,9,99,9,99,9",,,"9,9,999,9,+012,1",,"SYN004BUFR",
"42367099999","2024-11-01T03:00:00","4","26.4043","80.410119","123.44","KANPUR CHAKERI, IN","FM-12","99999","V020","320,1,N,0010,1","22000,1,9,9","004000,1,9,9","+0242,1","+0205,1","10124,1","99,9999,9,9",,,"0,1,99,9","0,1,99,9",,,,,"00,99,1,99,9,99,9,99999,9,99,9,99,9","120,M,+0354,1","120,N,+0186,1","9,9,999,9,+010,1",,"SYN004BUFR",
"42367099999","2024-11-01T12:00:00","4","26.4043","80.410119","123.44","KANPUR CHAKERI, IN","FM-12","99999","V020","320,1,N,0010,1","22000,1,9,9","004000,1,9,9","+0325,1","+0197,1","10108,1","99,9999,9,9",,,"0,1,99,9","0,1,99,9",,,,,"00,99,1,99,9,99,9,99999,9,99,9,99,9",,,"9,9,999,9,+000,1",,"SYN004BUFR",
"42367099999","2024-11-02T03:00:00","4","26.4043","80.410119","123.44","KANPUR CHAKERI, IN","FM-12","99999","V020","999,9,C,0000,1","22000,1,9,9","004000,1,9,9","+0220,1","+0185,1","10139,1","99,9999,9,9",,,"0,1,99,9","0,1,99,9",,,,,"00,99,1,99,9,99,9,99999,9,99,9,99,9","120,M,+0338,1","120,N,+0146,1","9,9,999,9,+013,1",,"SYN004BUFR",
"42367099999","2024-11-02T12:00:00","4","26.4043","80.410119","123.44","KANPUR CHAKERI, IN","FM-12","99999","V020","320,1,N,0010,1","22000,1,9,9","004000,1,9,9","+0325,1","+0197,1","10122,1","99,9999,9,9",,,"0,1,99,9","0,1,99,9",,,,,"00,99,1,99,9,99,9,99999,9,99,9,99,9",,,"9,9,999,9,+014,1",,"SYN004BUFR",
"42367099999","2024-11-03T03:00:00","4","26.4043","80.410119","123.44","KANPUR CHAKERI, IN","FM-12","99999","V020","999,9,C,0000,1","22000,1,9,9","004000,1,9,9","+0207,1","+0169,1","10146,1","99,9999,9,9",,,"0,1,99,9","0,1,99,9",,,,,"00,99,1,99,9,99,9,99999,9,99,9,99,9","120,M,+0358,1","120,N,+0150,1","9,9,999,9,+007,1",,"SYN004BUFR",
"42367099999","2024-11-04T03:00:00","4","26.4043","80.410119","123.44","KANPUR CHAKERI, IN","FM-12","99999","V020","999,9,C,0000,1","22000,1,9,9","004000,1,9,9","+0195,1","+0171,1","10146,1","99,9999,9,9",,,"0,1,99,9","0,1,99,9",,,,,"00,99,1,99,9,99,9,99999,9,99,9,99,9","120,M,+0328,1","120,N,+0156,1","9,9,999,9,+000,1",,"SYN004BUFR",
"42367099999","2024-11-05T03:00:00","4","26.4043","80.410119","123.44","KANPUR CHAKERI, IN","FM-12","99999","V020","999,9,C,0000,1","99999,9,9,N","004000,1,9,9","+0238,1","+0220,1","10159,1",,,,,,,,,,,"240,M,+0328,1","240,N,+0160,1","9,9,999,9,+013,1",,"SYN06842367 32996 00000 10238 20220 40159 333 10328 20160 58013 555 10011=",
"42367099999","2024-11-05T12:00:00","4","26.4043","80.410119","123.44","KANPUR CHAKERI, IN","FM-12","99999","V020","320,1,N,0010,1","22000,1,9,9","004000,1,9,9","+0302,1","+0209,1","10145,1","99,9999,9,9",,,"0,1,99,9","0,1,99,9",,,,,"00,99,1,99,9,99,9,99999,9,99,9,99,9",,,"9,9,999,9,+016,1",,"SYN004BUFR",
"42367099999","2024-11-06T12:00:00","4","26.4043","80.410119","123.44","KANPUR CHAKERI, IN","FM-12","99999","V020","999,9,C,0000,1","22000,1,9,9","004000,1,9,9","+0300,1","+0210,1","10149,1","99,9999,9,9",,,"0,1,99,9","0,1,99,9",,,,,"00,99,1,99,9,99,9,99999,9,99,9,99,9",,,"9,9,999,9,+004,1",,"SYN004BUFR",
"42367099999","2024-11-07T03:00:00","4","26.4043","80.410119","123.44","KANPUR CHAKERI, IN","FM-12","99999","V020","999,9,C,0000,1","22000,1,9,9","002000,1,9,9","+0217,1","+0183,1","10153,1","99,9999,9,9",,,"0,1,99,9","0,1,99,9",,,,,"00,99,1,99,9,99,9,99999,9,99,9,99,9","120,M,+0322,1","120,N,+0180,1","9,9,999,9,-009,1",,"SYN004BUFR",
"42367099999","2024-11-07T12:00:00","4","26.4043","80.410119","123.44","KANPUR CHAKERI, IN","FM-12","99999","V020","999,9,C,0000,1","22000,1,9,9","004000,1,9,9","+0297,1","+0201,1","10139,1","99,9999,9,9",,,"0,1,99,9","0,1,99,9",,,,,"00,99,1,99,9,99,9,99999,9,99,9,99,9",,,"9,9,999,9,-010,1",,"SYN004BUFR",
"42367099999","2024-11-08T03:00:00","4","26.4043","80.410119","123.44","KANPUR CHAKERI, IN","FM-12","99999","V020","999,9,C,0000,1","22000,1,9,9","002000,1,9,9","+0235,1","+0197,1","10153,1","99,9999,9,9",,,,,,,,,"00,99,1,99,9,99,9,99999,9,99,9,99,9","120,M,+0318,1","120,N,+0180,1","9,9,999,9,+001,1",,"SYN004BUFR",
"42367099999","2024-11-08T12:00:00","4","26.4043","80.410119","123.44","KANPUR CHAKERI, IN","FM-12","99999","V020","999,9,C,0000,1","22000,1,9,9","004000,1,9,9","+0290,1","+0216,1","10139,1","99,9999,9,9",,,"0,1,99,9","0,1,99,9",,,,,"00,99,1,99,9,99,9,99999,9,99,9,99,9",,,"9,9,999,9,+000,1",,"SYN004BUFR",
"42367099999","2024-11-09T03:00:00","4","26.4043","80.410119","123.44","KANPUR CHAKERI, IN","FM-12","99999","V020","999,9,C,0000,1","22000,1,9,9","002000,1,9,9","+0226,1","+0208,1","10160,1","99,9999,9,9",,,,,,,,,"00,99,1,99,9,99,9,99999,9,99,9,99,9","120,M,+0314,1","120,N,+0176,1","9,9,999,9,+006,1",,"SYN004BUFR",
"42367099999","2024-11-09T12:00:00","4","26.4043","80.410119","123.44","KANPUR CHAKERI, IN","FM-12","99999","V020","999,9,C,0000,1","22000,1,9,9","004000,1,9,9","+0290,1","+0216,1","10145,1","99,9999,9,9",,,"0,1,99,9","0,1,99,9",,,,,"00,99,1,99,9,99,9,99999,9,99,9,99,9",,,"9,9,999,9,+006,1",,"SYN004BUFR",
"42367099999","2024-11-10T03:00:00","4","26.4043","80.410119","123.44","KANPUR CHAKERI, IN","FM-12","99999","V020","999,9,C,0000,1","99999,9,9,N","002000,1,9,9","+0228,1","+0207,1","10158,1",,,,,,,,,,,"240,M,+0332,1","240,N,+0172,1","9,9,999,9,-002,1",,"SYN06842367 31995 00000 10228 20207 40158 333 10332 20172 59002 555 10011=",
"42367099999","2024-11-10T12:00:00","4","26.4043","80.410119","123.44","KANPUR CHAKERI, IN","FM-12","99999","V020","999,9,C,0000,1","99999,9,9,9","004000,1,9,9","+0300,1","+0193,1","10147,1","99,9999,9,9",,,"0,1,99,9","0,1,99,9","99,9,+04000,1,99,9",,,"9,AGL   ,+99999,+99999","05,99,1,99,9,99,9,04000,1,99,9,99,9",,,"9,9,999,9,+002,1",,"SYN004BUFR",
"42367099999","2024-11-11T03:00:00","4","26.4043","80.410119","123.44","KANPUR CHAKERI, IN","FM-12","99999","V020","999,9,C,0000,1","22000,1,9,9","002000,1,9,9","+0227,1","+0207,1","10155,1","99,9999,9,9",,,"0,1,99,9","0,1,99,9",,,,,"00,99,1,99,9,99,9,99999,9,99,9,99,9","120,M,+0316,1","120,N,+0175,1","9,9,999,9,-002,1",,"SYN004BUFR",
"42367099999","2024-11-11T12:00:00","4","26.4043","80.410119","123.44","KANPUR CHAKERI, IN","FM-12","99999","V020","999,9,C,0000,1","22000,1,9,9","002000,1,9,9","+0312,1","+0214,1","10117,1","99,9999,9,9",,,"0,1,99,9","0,1,99,9",,,,,"00,99,1,99,9,99,9,99999,9,99,9,99,9",,,"9,9,999,9,-029,1",,"SYN004BUFR",
"42367099999","2024-11-12T03:00:00","4","26.4043","80.410119","123.44","KANPUR CHAKERI, IN","FM-12","99999","V020","999,9,C,0000,1","22000,1,9,9","002000,1,9,9","+0225,1","+0202,1","10149,1","99,9999,9,9",,,"0,1,99,9","0,1,99,9",,,,,"00,99,1,99,9,99,9,99999,9,99,9,99,9","120,M,+0324,1","120,N,+0174,1","9,9,999,9,-006,1",,"SYN004BUFR",
"42367099999","2024-11-12T12:00:00","4","26.4043","80.410119","123.44","KANPUR CHAKERI, IN","FM-12","99999","V020","999,9,C,0000,1","22000,1,9,9","002000,1,9,9","+0305,1","+0191,1","10112,1","99,9999,9,9",,,,,,,,,"00,99,1,99,9,99,9,99999,9,99,9,99,9",,,"9,9,999,9,-006,1",,"SYN004BUFR",
"42367099999","2024-11-13T03:00:00","4","26.4043","80.410119","123.44","KANPUR CHAKERI, IN","FM-12","99999","V020","999,9,C,0000,1","22000,1,9,9","002000,1,9,9","+0212,1","+0193,1","10121,1","99,9999,9,9",,,,,,,,,"00,99,1,99,9,99,9,99999,9,99,9,99,9","120,M,+0328,1","120,N,+0148,1","9,9,999,9,-019,1",,"SYN004BUFR",
"42367099999","2024-11-13T12:00:00","4","26.4043","80.410119","123.44","KANPUR CHAKERI, IN","FM-12","99999","V020","320,1,N,0010,1","22000,1,9,9","004000,1,9,9","+0290,1","+0145,1","10101,1","99,9999,9,9",,,"0,1,99,9","0,1,99,9",,,,,"00,99,1,99,9,99,9,99999,9,99,9,99,9",,,"9,9,999,9,-012,1",,"SYN004BUFR",
"42367099999","2024-11-14T03:00:00","4","26.4043","80.410119","123.44","KANPUR CHAKERI, IN","FM-12","99999","V020","320,1,N,0010,1","22000,1,9,9","000500,1,9,9","+0200,1","+0181,1","10158,1","99,9999,9,9",,,,,,,,,"00,99,1,99,9,99,9,99999,9,99,9,99,9","120,M,+0325,1","120,N,+0132,1","9,9,999,9,+026,1",,"SYN004BUFR",
"42367099999","2024-11-15T03:00:00","4","26.4043","80.410119","123.44","KANPUR CHAKERI, IN","FM-12","99999","V020","999,9,C,0000,1","22000,1,9,9","000500,1,9,9","+0192,1","+0176,1","10156,1","99,9999,9,9",,,,,,,,,"00,99,1,99,9,99,9,99999,9,99,9,99,9","120,M,+0295,1","120,N,+0128,1","9,9,999,9,-002,1",,"SYN004BUFR",
"42367099999","2024-11-15T12:00:00","4","26.4043","80.410119","123.44","KANPUR CHAKERI, IN","FM-12","99999","V020","230,1,N,0010,1","22000,1,9,9","004000,1,9,9","+0277,1","+0154,1","10135,1","99,9999,9,9",,,"0,1,99,9","0,1,99,9",,,,,"00,99,1,99,9,99,9,99999,9,99,9,99,9",,,"9,9,999,9,+005,1",,"SYN004BUFR",
"42367099999","2024-11-16T03:00:00","4","26.4043","80.410119","123.44","KANPUR CHAKERI, IN","FM-12","99999","V020","999,9,C,0000,1","22000,1,9,9","000500,1,9,9","+0172,1","+0155,1","10036,1","99,9999,9,9",,,,,,,,,"00,99,1,99,9,99,9,99999,9,99,9,99,9","120,M,+0306,1","120,N,+0137,1","9,9,999,9,-023,1",,"SYN004BUFR",
"42367099999","2024-11-16T12:00:00","4","26.4043","80.410119","123.44","KANPUR CHAKERI, IN","FM-12","99999","V020","999,9,C,0000,1","22000,1,9,9","004000,1,9,9","+0272,1","+0174,1","10120,1","99,9999,9,9",,,"0,1,99,9","0,1,99,9",,,,,"00,99,1,99,9,99,9,99999,9,99,9,99,9",,,"9,9,999,9,-015,1",,"SYN004BUFR",
"42367099999","2024-11-22T03:00:00","4","26.4043","80.410119","123.44","KANPUR CHAKERI, IN","FM-12","99999","V020","999,9,C,0000,1","22000,1,9,9","000500,1,9,9","+0167,1","+0154,1","10153,1","99,9999,9,9",,,,,,,,,"00,99,1,99,9,99,9,99999,9,99,9,99,9","120,M,+0262,1","120,N,+0115,1","9,9,999,9,-005,1",,"SYN004BUFR",
"42367099999","2024-11-22T12:00:00","4","26.4043","80.410119","123.44","KANPUR CHAKERI, IN","FM-12","99999","V020","999,9,C,0000,1","22000,1,9,9","004000,1,9,9","+0252,1","+0145,1","10132,1","99,9999,9,9",,,"0,1,99,9","0,1,99,9",,,,,"00,99,1,99,9,99,9,99999,9,99,9,99,9",,,"9,9,999,9,-009,1",,"SYN004BUFR",
"42367099999","2024-11-23T03:00:00","4","26.4043","80.410119","123.44","KANPUR CHAKERI, IN","FM-12","99999","V020","320,1,N,0010,1","22000,1,9,9","000500,1,9,9","+0192,1","+0151,1","10171,1","99,9999,9,9",,,,,,,,,"00,99,1,99,9,99,9,99999,9,99,9,99,9","120,M,+0266,1","120,N,+0110,1","9,9,999,9,+009,1",,"SYN004BUFR",
"42367099999","2024-11-23T12:00:00","4","26.4043","80.410119","123.44","KANPUR CHAKERI, IN","FM-12","99999","V020","999,9,C,0000,1","22000,1,9,9","004000,1,9,9","+0250,1","+0158,1","10153,1","99,9999,9,9",,,"0,1,99,9","0,1,99,9",,,,,"00,99,1,99,9,99,9,99999,9,99,9,99,9",,,"9,9,999,9,+021,1",,"SYN004BUFR",
"42367099999","2024-11-24T03:00:00","4","26.4043","80.410119","123.44","KANPUR CHAKERI, IN","FM-12","99999","V020","999,9,C,0000,1","22000,1,9,9","000500,1,9,9","+0157,1","+0144,1","10166,1","99,9999,9,9",,,"0,1,99,9","0,1,99,9",,,,,"00,99,1,99,9,99,9,99999,9,99,9,99,9","120,M,+0276,1","120,N,+0114,1","9,9,999,9,+006,1",,"SYN004BUFR",
"42367099999","2024-11-24T12:00:00","4","26.4043","80.410119","123.44","KANPUR CHAKERI, IN","FM-12","99999","V020","999,9,C,0000,1","22000,1,9,9","004000,1,9,9","+0250,1","+0173,1","10151,1","99,9999,9,9",,,"0,1,99,9","0,1,99,9",,,,,"00,99,1,99,9,99,9,99999,9,99,9,99,9",,,"9,9,999,9,-002,1",,"SYN004BUFR",
"42367099999","2024-11-25T03:00:00","4","26.4043","80.410119","123.44","KANPUR CHAKERI, IN","FM-12","99999","V020","999,9,C,0000,1","22000,1,9,9","001000,1,9,9","+0175,1","+0135,1","10162,1","99,9999,9,9",,,"0,1,99,9","0,1,99,9",,,,,"00,99,1,99,9,99,9,99999,9,99,9,99,9","120,M,+0266,1","120,N,+0130,1","9,9,999,9,-003,1",,"SYN004BUFR",
"42367099999","2024-11-25T12:00:00","4","26.4043","80.410119","123.44","KANPUR CHAKERI, IN","FM-12","99999","V020","999,9,C,0000,1","22000,1,9,9","004000,1,9,9","+0267,1","+0165,1","10126,1","99,9999,9,9",,,"0,1,99,9","0,1,99,9",,,,,"00,99,1,99,9,99,9,99999,9,99,9,99,9",,,"9,9,999,9,-024,1",,"SYN004BUFR",
"42367099999","2024-11-26T03:00:00","4","26.4043","80.410119","123.44","KANPUR CHAKERI, IN","FM-12","99999","V020","999,9,C,0000,1","22000,1,9,9","002000,1,9,9","+0155,1","+0140,1","10167,1","99,9999,9,9",,,,,,,,,"00,99,1,99,9,99,9,99999,9,99,9,99,9","120,M,+0292,1","120,N,+0120,1","9,9,999,9,+004,1",,"SYN004BUFR",
"42367099999","2024-11-26T12:00:00","4","26.4043","80.410119","123.44","KANPUR CHAKERI, IN","FM-12","99999","V020","320,1,N,0010,1","99999,9,9,N","004000,1,9,9","+0242,1","+0145,1","10149,1",,,,,,,,,,,"240,M,+0262,1",,"9,9,999,9,+022,1",,"SYN05242367 32996 03202 10242 20145 40149 333 10262 58022=",
"42367099999","2024-11-27T03:00:00","4","26.4043","80.410119","123.44","KANPUR CHAKERI, IN","FM-12","99999","V020","999,9,C,0000,1","22000,1,9,9","002000,1,9,9","+0165,1","+0132,1","10157,1","99,9999,9,9",,,"0,1,99,9","0,1,99,9",,,,,"00,99,1,99,9,99,9,99999,9,99,9,99,9","120,M,+0262,1","120,N,+0105,1","9,9,999,9,-009,1",,"SYN004BUFR",
"42367099999","2024-11-27T12:00:00","4","26.4043","80.410119","123.44","KANPUR CHAKERI, IN","FM-12","99999","V020","999,9,C,0000,1","22000,1,9,9","004000,1,9,9","+0240,1","+0142,1","10136,1","99,9999,9,9",,,"0,1,99,9","0,1,99,9",,,,,"00,99,1,99,9,99,9,99999,9,99,9,99,9",,,"9,9,999,9,-013,1",,"SYN004BUFR",
"42367099999","2024-11-28T03:00:00","4","26.4043","80.410119","123.44","KANPUR CHAKERI, IN","FM-12","99999","V020","999,9,C,0000,1","22000,1,9,9","002000,1,9,9","+0135,1","+0123,1","10170,1","99,9999,9,9",,,"0,1,99,9","0,1,99,9",,,,,"00,99,1,99,9,99,9,99999,9,99,9,99,9","120,M,+0278,1","120,N,+0095,1","9,9,999,9,+011,1",,"SYN004BUFR",
"42367099999","2024-11-28T12:00:00","4","26.4043","80.410119","123.44","KANPUR CHAKERI, IN","FM-12","99999","V020","999,9,C,0000,1","22000,1,9,9","004000,1,9,9","+0232,1","+0152,1","10150,1","99,9999,9,9",,,"0,1,99,9","0,1,99,9",,,,,"00,99,1,99,9,99,9,99999,9,99,9,99,9",,,"9,9,999,9,+013,1",,"SYN004BUFR",
"42367099999","2024-11-29T03:00:00","4","26.4043","80.410119","123.44","KANPUR CHAKERI, IN","FM-12","99999","V020","999,9,C,0000,1","22000,1,9,9","000500,1,9,9","+0130,1","+0107,1","10184,1","99,9999,9,9",,,"0,1,99,9","0,1,99,9",,,,,"00,99,1,99,9,99,9,99999,9,99,9,99,9","120,M,+0262,1","120,N,+0090,1","9,9,999,9,+013,1",,"SYN004BUFR",
"42367099999","2024-11-29T12:00:00","4","26.4043","80.410119","123.44","KANPUR CHAKERI, IN","FM-12","99999","V020","999,9,C,0000,1","22000,1,9,9","004000,1,9,9","+0232,1","+0167,1","10164,1","99,9999,9,9",,,"0,1,99,9","0,1,99,9",,,,,"00,99,1,99,9,99,9,99999,9,99,9,99,9",,,"9,9,999,9,+013,1",,"SYN004BUFR",
"42367099999","2024-11-30T03:00:00","4","26.4043","80.410119","123.44","KANPUR CHAKERI, IN","FM-12","99999","V020","999,9,C,0000,1","22000,1,9,9","000500,1,9,9","+0135,1","+0123,1","10164,1","99,9999,9,9",,,"0,1,99,9","0,1,99,9",,,,,"00,99,1,99,9,99,9,99999,9,99,9,99,9","120,M,+0262,1","120,N,+0123,1","9,9,999,9,-019,1",,"SYN004BUFR",
"42367099999","2024-11-30T12:00:00","4","26.4043","80.410119","123.44","KANPUR CHAKERI, IN","FM-12","99999","V020","999,9,C,0000,1","22000,1,9,9","004000,1,9,9","+0236,1","+0145,1","10128,1","99,9999,9,9",,,"0,1,99,9","0,1,99,9",,,,,"00,99,1,99,9,99,9,99999,9,99,9,99,9",,,"9,9,999,9,-035,1",,"SYN004BUFR",
"42367099999","2024-12-02T03:00:00","4","26.4043","80.410119","123.44","KANPUR CHAKERI, IN","FM-12","99999","V020","999,9,C,0000,1","22000,1,9,9","000500,1,9,9","+0137,1","+0116,1","10142,1","99,9999,9,9",,,,,,,,,"00,99,1,99,9,99,9,99999,9,99,9,99,9","120,M,+0268,1","120,N,+0100,1","9,9,999,9,-012,1",,"SYN004BUFR",
"42367099999","2024-12-03T12:00:00","4","26.4043","80.410119","123.44","KANPUR CHAKERI, IN","FM-12","99999","V020","999,9,C,0000,1","22000,1,9,9","004000,1,9,9","+0260,1","+0130,1","10129,1","99,9999,9,9",,,"0,1,99,9","0,1,99,9",,,,,"00,99,1,99,9,99,9,99999,9,99,9,99,9",,,"9,9,999,9,+009,1",,"SYN004BUFR",
"42367099999","2024-12-04T03:00:00","4","26.4043","80.410119","123.44","KANPUR CHAKERI, IN","FM-12","99999","V020","999,9,C,0000,1","22000,1,9,9","004000,1,9,9","+0175,1","+0135,1","10144,1","99,9999,9,9",,,"0,1,99,9","0,1,99,9",,,,,"00,99,1,99,9,99,9,99999,9,99,9,99,9","120,M,+0280,1","120,N,+0134,1","9,9,999,9,-022,1",,"SYN004BUFR",
"42367099999","2024-12-05T03:00:00","4","26.4043","80.410119","123.44","KANPUR CHAKERI, IN","FM-12","99999","V020","050,1,N,0010,1","99999,9,9,N","004000,1,9,9","+0162,1","+0097,1","10151,1",,,,,,,,,,,"240,M,+0294,1","240,N,+0110,1","9,9,999,9,+007,1",,"SYN06842367 32996 00502 10162 20097 40151 333 10294 20110 58007 555 10011=",
"42367099999","2024-12-05T12:00:00","4","26.4043","80.410119","123.44","KANPUR CHAKERI, IN","FM-12","99999","V020","320,1,N,0010,1","22000,1,9,9","004000,1,9,9","+0240,1","+0078,1","10120,1","99,9999,9,9",,,"0,1,99,9","0,1,99,9",,,,,"00,99,1,99,9,99,9,99999,9,99,9,99,9",,,"9,9,999,9,+002,1",,"SYN004BUFR",
"42367099999","2024-12-06T03:00:00","4","26.4043","80.410119","123.44","KANPUR CHAKERI, IN","FM-12","99999","V020","270,1,N,0010,1","22000,1,9,9","004000,1,9,9","+0160,1","+0076,1","10155,1","99,9999,9,9",,,"0,1,99,9","0,1,99,9",,,,,"00,99,1,99,9,99,9,99999,9,99,9,99,9","120,M,+0270,1","120,N,+0097,1","9,9,999,9,+003,1",,"SYN004BUFR",
"42367099999","2024-12-07T03:00:00","4","26.4043","80.410119","123.44","KANPUR CHAKERI, IN","FM-12","99999","V020","999,9,C,0000,1","22000,1,9,9","002000,1,9,9","+0125,1","+0092,1","10147,1","99,9999,9,9",,,"0,1,99,9","0,1,99,9",,,,,"00,99,1,99,9,99,9,99999,9,99,9,99,9","120,M,+0260,1","120,N,+0085,1","9,9,999,9,-010,1",,"SYN004BUFR",
"42367099999","2024-12-07T12:00:00","4","26.4043","80.410119","123.44","KANPUR CHAKERI, IN","FM-12","99999","V020","999,9,C,0000,1","22000,1,9,9","004000,1,9,9","+0200,1","+0138,1","10134,1","99,9999,9,9",,,"0,1,99,9","0,1,99,9",,,,,"00,99,1,99,9,99,9,99999,9,99,9,99,9",,,"9,9,999,9,+022,1",,"SYN004BUFR",
"42367099999","2024-12-08T03:00:00","4","26.4043","80.410119","123.44","KANPUR CHAKERI, IN","FM-12","99999","V020","999,9,C,0000,1","99999,9,9,N","002000,1,9,9","+0124,1","+0105,1","10158,1",,,,,,,,,,,"240,M,+0264,1","240,N,+0075,1","9,9,999,9,+011,1",,"SYN06842367 31995 00000 10124 20105 40158 333 10264 20075 58011 555 10011=",
"42367099999","2024-12-08T12:00:00","4","26.4043","80.410119","123.44","KANPUR CHAKERI, IN","FM-12","99999","V020","999,9,C,0000,1","22000,1,9,9","004000,1,9,9","+0232,1","+0144,1","10117,1","99,9999,9,9",,,"0,1,99,9","0,1,99,9",,,,,"00,99,1,99,9,99,9,99999,9,99,9,99,9",,,"9,9,999,9,-016,1",,"SYN004BUFR",
"42367099999","2024-12-09T03:00:00","4","26.4043","80.410119","123.44","KANPUR CHAKERI, IN","FM-12","99999","V020","999,9,C,0000,1","22000,1,9,9","004000,1,9,9","+0147,1","+0098,1","10152,1","99,9999,9,9",,,"0,1,99,9","0,1,99,9","99,9,+04000,1,99,9",,,"9,AGL   ,+99999,+99999","04,99,1,99,9,99,9,04000,1,99,9,99,9","120,M,+0264,1","120,N,+0100,1","9,9,999,9,-005,1",,"SYN004BUFR",
"42367099999","2024-12-09T12:00:00","4","26.4043","80.410119","123.44","KANPUR CHAKERI, IN","FM-12","99999","V020","999,9,C,0000,1","22000,1,9,9","004000,1,9,9","+0222,1","+0119,1","10130,1","99,9999,9,9",,,"0,1,99,9","0,1,99,9",,,,,"00,99,1,99,9,99,9,99999,9,99,9,99,9",,,"9,9,999,9,+013,1",,"SYN004BUFR",
"42367099999","2024-12-12T03:00:00","4","26.4043","80.410119","123.44","KANPUR CHAKERI, IN","FM-12","99999","V020","999,9,C,0000,1","99999,9,9,N","004000,1,9,9","+0098,1","+0077,1","10145,1",,,,,,,,,,,"240,M,+0234,1","240,N,+0054,1","9,9,999,9,-039,1",,"SYN06842367 32996 00000 10098 20077 40145 333 10234 20054 59039 555 10011=",
"42367099999","2024-12-12T12:00:00","4","26.4043","80.410119","123.44","KANPUR CHAKERI, IN","FM-12","99999","V020","320,1,N,0010,1","22000,1,9,9","004000,1,9,9","+0217,1","+0042,1","10143,1","99,9999,9,9",,,"0,1,99,9","0,1,99,9",,,,,"00,99,1,99,9,99,9,99999,9,99,9,99,9",,,"9,9,999,9,-023,1",,"SYN004BUFR",
"42367099999","2024-12-13T03:00:00","4","26.4043","80.410119","123.44","KANPUR CHAKERI, IN","FM-12","99999","V020","320,1,N,0010,1","22000,1,9,9","004000,1,9,9","+0126,1","+0053,1","10180,1","99,9999,9,9",,,"0,1,99,9","0,1,99,9","99,9,+00600,1,99,9",,,"9,AGL   ,+99999,+99999","02,99,1,99,9,99,9,00600,1,99,9,99,9","120,M,+0240,1","120,N,+0084,1","9,9,999,9,+036,1",,"SYN004BUFR",
"42367099999","2024-12-13T12:00:00","4","26.4043","80.410119","123.44","KANPUR CHAKERI, IN","FM-12","99999","V020","320,1,N,0010,1","22000,1,9,9","004000,1,9,9","+0217,1","+0024,1","10149,1","99,9999,9,9",,,"0,1,99,9","0,1,99,9",,,,,"00,99,1,99,9,99,9,99999,9,99,9,99,9",,,"9,9,999,9,+006,1",,"SYN004BUFR",
"42367099999","2024-12-14T03:00:00","4","26.4043","80.410119","123.44","KANPUR CHAKERI, IN","FM-12","99999","V020","270,1,N,0010,1","99999,9,9,N","004000,1,9,9","+0124,1","+0035,1","10190,1",,,,,,,,,,,"240,M,+0240,1","240,N,+0088,1","9,9,999,9,+010,1",,"SYN06842367 32996 02702 10124 20035 40190 333 10240 20088 58010 555 10011=",
"42367099999","2024-12-14T12:00:00","4","26.4043","80.410119","123.44","KANPUR CHAKERI, IN","FM-12","99999","V020","320,1,N,0010,1","22000,1,9,9","004000,1,9,9","+0192,1","+0080,1","10176,1","99,9999,9,9",,,"0,1,99,9","0,1,99,9",,,,,"00,99,1,99,9,99,9,99999,9,99,9,99,9",,,"9,9,999,9,+025,1",,"SYN004BUFR",
"42367099999","2024-12-15T03:00:00","4","26.4043","80.410119","123.44","KANPUR CHAKERI, IN","FM-12","99999","V020","050,1,N,0010,1","22000,1,9,9","002000,1,9,9","+0096,1","+0066,1","10202,1","99,9999,9,9",,,"0,1,99,9","0,1,99,9",,,,,"00,99,1,99,9,99,9,99999,9,99,9,99,9","120,M,+0230,1","120,N,+0045,1","9,9,999,9,+011,1",,"SYN004BUFR",
"42367099999","2024-12-16T03:00:00","4","26.4043","80.410119","123.44","KANPUR CHAKERI, IN","FM-12","99999","V020","999,9,C,0000,1","99999,9,9,N","001000,1,9,9","+0080,1","+0063,1","10198,1",,,,,,,,,,,"240,M,+0226,1","240,N,+0047,1","9,9,999,9,-005,1",,"SYN06842367 31994 00000 10080 20063 40198 333 10226 20047 59005 555 10011=",
"42367099999","2024-12-16T12:00:00","4","26.4043","80.410119","123.44","KANPUR CHAKERI, IN","FM-12","99999","V020","999,9,C,0000,1","22000,1,9,9","004000,1,9,9","+0217,1","+0131,1","10173,1","99,9999,9,9",,,"0,1,99,9","0,1,99,9",,,,,"00,99,1,99,9,99,9,99999,9,99,9,99,9",,,"9,9,999,9,-016,1",,"SYN004BUFR",
"42367099999","2024-12-17T03:00:00","4","26.4043","80.410119","123.44","KANPUR CHAKERI, IN","FM-12","99999","V020","999,9,C,0000,1","99999,9,9,N","001000,1,9,9","+0098,1","+0073,1","10184,1",,,,,,,,,,,"240,M,+0238,1","240,N,+0058,1","9,9,999,9,-019,1",,"SYN06842367 31994 00000 10098 20073 40184 333 10238 20058 59019 555 10011=",
"42367099999","2024-12-17T12:00:00","4","26.4043","80.410119","123.44","KANPUR CHAKERI, IN","FM-12","99999","V020","999,9,C,0000,1","22000,1,9,9","004000,1,9,9","+0222,1","+0144,1","10159,1","99,9999,9,9",,,"0,1,99,9","0,1,99,9",,,,,"00,99,1,99,9,99,9,99999,9,99,9,99,9",,,"9,9,999,9,-012,1",,"SYN004BUFR",
"42367099999","2024-12-18T03:00:00","4","26.4043","80.410119","123.44","KANPUR CHAKERI, IN","FM-12","99999","V020","999,9,C,0000,1","22000,1,9,9","001000,1,9,9","+0105,1","+0088,1","10171,1","99,9999,9,9",,,"0,1,99,9","0,1,99,9",,,,,"00,99,1,99,9,99,9,99999,9,99,9,99,9","120,M,+0246,1","120,N,+0060,1","9,9,999,9,-012,1",,"SYN004BUFR",
"42367099999","2024-12-19T03:00:00","4","26.4043","80.410119","123.44","KANPUR CHAKERI, IN","FM-12","99999","V020","999,9,C,0000,1","22000,1,9,9","001000,1,9,9","+0100,1","+0079,1","10178,1","99,9999,9,9",,,,,,,,,"00,99,1,99,9,99,9,99999,9,99,9,99,9","120,M,+0248,1","120,N,+0064,1","9,9,999,9,+009,1",,"SYN004BUFR",
"42367099999","2024-12-19T12:00:00","4","26.4043","80.410119","123.44","KANPUR CHAKERI, IN","FM-12","99999","V020","999,9,C,0000,1","22000,1,9,9","004000,1,9,9","+0222,1","+0132,1","10154,1","99,9999,9,9",,,"0,1,99,9","0,1,99,9",,,,,"00,99,1,99,9,99,9,99999,9,99,9,99,9",,,"9,9,999,9,+001,1",,"SYN004BUFR",
"42367099999","2024-12-20T03:00:00","4","26.4043","80.410119","123.44","KANPUR CHAKERI, IN","FM-12","99999","V020","999,9,C,0000,1","22000,1,9,9","002000,1,9,9","+0096,1","+0071,1","10165,1","99,9999,9,9",,,,,,,,,"00,99,1,99,9,99,9,99999,9,99,9,99,9","120,M,+0244,1","120,N,+0056,1","9,9,999,9,-013,1",,"SYN004BUFR",
"42367099999","2024-12-21T03:00:00","4","26.4043","80.410119","123.44","KANPUR CHAKERI, IN","FM-12","99999","V020","999,9,C,0000,1","22000,1,9,9","002000,1,9,9","+0096,1","+0079,1","10162,1","99,9999,9,9",,,"0,1,99,9","0,1,99,9",,,,,"00,99,1,99,9,99,9,99999,9,99,9,99,9","120,M,+0240,1","120,N,+0060,1","9,9,999,9,-003,1",,"SYN004BUFR",
"42367099999","2024-12-21T12:00:00","4","26.4043","80.410119","123.44","KANPUR CHAKERI, IN","FM-12","99999","V020","320,1,N,0010,1","22000,1,9,9","004000,1,9,9","+0230,1","+0112,1","10141,1","99,9999,9,9",,,"0,1,99,9","0,1,99,9",,,,,"00,99,1,99,9,99,9,99999,9,99,9,99,9",,,"9,9,999,9,+000,1",,"SYN004BUFR",
"42367099999","2024-12-22T03:00:00","4","26.4043","80.410119","123.44","KANPUR CHAKERI, IN","FM-12","99999","V020","999,9,C,0000,1","22000,1,9,9","001000,1,9,9","+0097,1","+0077,1","10168,1","99,9999,9,9",,,"0,1,99,9","0,1,99,9",,,,,"00,99,1,99,9,99,9,99999,9,99,9,99,9","120,M,+0244,1","120,N,+0065,1","9,9,999,9,+006,1",,"SYN004BUFR",
"42367099999","2024-12-22T12:00:00","4","26.4043","80.410119","123.44","KANPUR CHAKERI, IN","FM-12","99999","V020","999,9,C,0000,1","22000,1,9,9","004000,1,9,9","+0212,1","+0136,1","10142,1","99,9999,9,9",,,"0,1,99,9","0,1,99,9",,,,,"00,99,1,99,9,99,9,99999,9,99,9,99,9",,,"9,9,999,9,+000,1",,"SYN004BUFR",
"42367099999","2024-12-23T12:00:00","4","26.4043","80.410119","123.44","KANPUR CHAKERI, IN","FM-12","99999","V020","320,1,N,0010,1","22000,1,9,9","004000,1,9,9","+0210,1","+0085,1","10150,1","99,9999,9,9",,,"0,1,99,9","0,1,99,9",,,,,"00,99,1,99,9,99,9,99999,9,99,9,99,9",,,"9,9,999,9,+008,1",,"SYN004BUFR",
"42367099999","2024-12-24T03:00:00","4","26.4043","80.410119","123.44","KANPUR CHAKERI, IN","FM-12","99999","V020","050,1,N,0010,1","22000,1,9,9","004000,1,9,9","+0155,1","+0125,1","10169,1",,,,,,,,,,"00,99,1,99,9,99,9,99999,9,99,9,99,9","120,M,+0236,1","120,N,+0130,1","9,9,999,9,+006,1",,"SYN004BUFR",
"42367099999","2024-12-24T12:00:00","4","26.4043","80.410119","123.44","KANPUR CHAKERI, IN","FM-12","99999","V020","320,1,N,0010,1","22000,1,9,9","004000,1,9,9","+0180,1","+0130,1","10161,1","99,9999,9,9",,,"0,1,99,9","0,1,99,9","99,9,+00600,1,99,9",,,"9,AGL   ,+99999,+99999","04,99,1,99,9,99,9,00600,1,99,9,99,9",,,"9,9,999,9,+010,1",,"SYN004BUFR",
"42367099999","2024-12-25T03:00:00","4","26.4043","80.410119","123.44","KANPUR CHAKERI, IN","FM-12","99999","V020","999,9,C,0000,1","22000,1,9,N","002000,1,9,9","+0140,1","+0125,1","10178,1","24,0007,3,1",,,,,"99,9,+00800,1,99,9",,,"9,AGL   ,+99999,+99999","02,99,1,99,9,99,9,00800,1,99,9,99,9","240,M,+0188,1","240,N,+0116,1","9,9,999,9,+007,1",,"SYN08042367 22595 20000 10140 20125 40178 333 10188 20116 58007 6997/ 555 00007 10012=",
"42367099999","2024-12-26T03:00:00","4","26.4043","80.410119","123.44","KANPUR CHAKERI, IN","FM-12","99999","V020","999,9,C,0000,1","22000,1,9,9","002000,1,9,9","+0135,1","+0119,1","10212,1","99,9999,9,9",,,"0,1,99,9","0,1,99,9",,,,,"00,99,1,99,9,99,9,99999,9,99,9,99,9","120,M,+0234,1","120,N,+0110,1","9,9,999,9,+034,1",,"SYN004BUFR",
"42367099999","2024-12-26T12:00:00","4","26.4043","80.410119","123.44","KANPUR CHAKERI, IN","FM-12","99999","V020","999,9,C,0000,1","22000,1,9,9","004000,1,9,9","+0230,1","+0153,1","10196,1","99,9999,9,9",,,"0,1,99,9","0,1,99,9",,,,,"00,99,1,99,9,99,9,99999,9,99,9,99,9",,,"9,9,999,9,+031,1",,"SYN004BUFR",
"42367099999","2024-12-27T03:00:00","4","26.4043","80.410119","123.44","KANPUR CHAKERI, IN","FM-12","99999","V020","999,9,C,0000,1","22000,1,9,9","002000,1,9,9","+0140,1","+0125,1","10200,1","99,9999,9,9",,,"0,1,99,9","0,1,99,9",,,,,"00,99,1,99,9,99,9,99999,9,99,9,99,9","120,M,+0248,1","120,N,+0114,1","9,9,999,9,-011,1",,"SYN004BUFR",
"42367099999","2024-12-28T03:00:00","4","26.4043","80.410119","123.44","KANPUR CHAKERI, IN","FM-12","99999","V020","320,1,N,0021,1","99999,9,9,N","004000,1,9,9","+0186,1","+0148,1","10177,1","24,0005,3,1",,,,,"99,9,+00800,1,99,9",,,"9,AGL   ,+99999,+99999","08,99,1,99,9,99,9,00800,1,99,9,99,9","240,M,+0262,1","240,N,+0126,1","9,9,999,9,-021,1",,"SYN08042367 21596 83204 10186 20148 40177 333 10262 20126 59021 6995/ 555 00005 10013=",
"42367099999","2024-12-28T12:00:00","4","26.4043","80.410119","123.44","KANPUR CHAKERI, IN","FM-12","99999","V020","140,1,N,0010,1","99999,9,9,9","004000,1,9,9","+0217,1","+0158,1","10169,1","99,9999,9,9",,,"0,1,99,9","0,1,99,9","99,9,+00600,1,99,9",,,"9,AGL   ,+99999,+99999","06,99,1,99,9,99,9,00600,1,99,9,99,9",,,"9,9,999,9,-013,1",,"SYN004BUFR",
"42367099999","2024-12-29T03:00:00","4","26.4043","80.410119","123.44","KANPUR CHAKERI, IN","FM-12","99999","V020","320,1,N,0010,1","99999,9,9,9","000500,1,9,9","+0180,1","+0167,1","10192,1","99,9999,9,9",,,,,"99,9,+00600,1,99,9",,,"9,AGL   ,+99999,+99999","08,99,1,99,9,99,9,00600,1,99,9,99,9","120,M,+0252,1","120,N,+0106,1","9,9,999,9,+014,1",,"SYN004BUFR",
"42367099999","2024-12-29T12:00:00","4","26.4043","80.410119","123.44","KANPUR CHAKERI, IN","FM-12","99999","V020","320,1,N,0010,1","99999,9,9,9","004000,1,9,9","+0170,1","+0153,1","10191,1","99,9999,9,9",,,"0,1,99,9","0,1,99,9","99,9,+00600,1,99,9",,,"9,AGL   ,+99999,+99999","08,99,1,99,9,99,9,00600,1,99,9,99,9",,,"9,9,999,9,+020,1",,"SYN004BUFR",
"42367099999","2024-12-30T03:00:00","4","26.4043","80.410119","123.44","KANPUR CHAKERI, IN","FM-12","99999","V020","320,1,N,0021,1","99999,9,9,9","001000,1,9,9","+0136,1","+0117,1","10201,1","99,9999,9,9",,,,,"99,9,+04000,1,99,9",,,"9,AGL   ,+99999,+99999","08,99,1,99,9,99,9,04000,1,99,9,99,9","120,M,+0218,1","120,N,+0118,1","9,9,999,9,+007,1",,"SYN004BUFR",
"42367099999","2024-12-30T12:00:00","4","26.4043","80.410119","123.44","KANPUR CHAKERI, IN","FM-12","99999","V020","320,1,N,0010,1","99999,9,9,9","004000,1,9,9","+0132,1","+0113,1","10191,1","99,9999,9,9",,,"0,1,99,9","0,1,99,9","99,9,+00600,1,99,9",,,"9,AGL   ,+99999,+99999","06,99,1,99,9,99,9,00600,1,99,9,99,9",,,"9,9,999,9,-002,1",,"SYN004BUFR",
"42367099999","2024-12-31T03:00:00","4","26.4043","80.410119","123.44","KANPUR CHAKERI, IN","FM-12","99999","V020","320,1,N,0010,1","99999,9,9,N","004000,1,9,9","+0126,1","+0099,1","10224,1",,,,,,,,,"9,AGL   ,+99999,+99999","08,99,1,99,9,99,9,99999,9,99,9,99,9","240,M,+0172,1","240,N,+0112,1","9,9,999,9,+023,1",,"SYN06842367 32996 83202 10126 20099 40224 333 10172 20112 58023 555 10013=",
"42367099999","2024-12-31T12:00:00","4","26.4043","80.410119","123.44","KANPUR CHAKERI, IN","FM-12","99999","V020","320,1,N,0010,1","99999,9,9,9","004000,1,9,9","+0132,1","+0093,1","10218,1","99,9999,9,9",,,"0,1,99,9","0,1,99,9","99,9,+00600,1,99,9",,,"9,AGL   ,+99999,+99999","08,99,1,99,9,99,9,00600,1,99,9,99,9",,,"9,9,999,9,+027,1",,"SYN004BUFR",
